id,name
bdf28d91-60ca-4e33-999d-2dee6c9a530f,Jessica Richard
f105abdf-42e3-4243-bfaf-81603a701fbc,Christopher Graham
bc7d29cc-ae8f-454a-b095-5ae7cd957329,Frederick Wiggins
4e2c07c0-5ed4-4acb-bea1-6e80b576c117,Leon Oliver
751162ff-ad69-456a-860a-403fd003be9a,Gary Kirk
4606e4f5-8b5b-431d-ac07-e3079f42487c,Jennifer Richardson
6704bf0e-eeec-4414-b02b-a0d79b6aac9d,Shirley Kim
6dd99363-5016-4c48-a3d7-cffd4b394662,Aaron Wilson
85a51cc4-ce0b-4e0f-ad14-7ec1cd7ce9f4,Cheryl Robinson
a1ff7d80-bdb3-4d0c-8885-f4bbfc0b79f5,Deborah Morgan
f51b679b-52e4-4f49-9a88-80a57155fe40,Sandra Norman MD
b504bcba-7c18-4e7f-bb8f-e9a4bdcee142,Amanda Nelson
f5ff2ecd-6991-43ed-9b43-fb280d366376,Maria Adams
7d49e4d0-5d84-49c7-bd0f-9f3611074be5,Leslie Conner
92b933c2-4d4c-48dc-b9ab-83e8b48c33ca,William Ayers
5f4d7272-f826-485c-8ef4-33e4f37fcc88,Matthew Grant
9040880d-c6bd-4849-a5d1-702ee07c9fb6,Dr. Maria Moreno MD
bad880ab-2c3a-4ca8-a9b4-c0465bfac555,Mary Kim
37c670c1-b464-49bb-8dce-6163db99f060,Thomas West MD
381699ca-bf04-4456-a899-4f50e8f61bfe,Eric Porter
bc8be552-ddf9-4d06-a1ff-77ce253c74dc,Eric Austin
7c8fb486-273a-4259-88bb-ee2cb7292108,Lawrence Clark
90225dd5-dc03-4d87-bf9a-2d8cf2dca8ad,Wesley White
e2967a88-cdf8-4da9-a85c-065ad5dad51a,Patricia Joyce
84c4bad0-bbc1-49b2-a857-d86ab9c0c3dd,Danielle Gray
dfdab58b-daff-40a1-935e-39e0c6b49e82,Casey Barnes
aad20f88-d44b-468e-88e9-a1b29c8a3edd,Mr. Clayton Kramer
8ce5770f-c9ae-4ed7-bd39-cdeae7adb722,Richard Martinez DVM
619a4d44-9c04-4c0c-8f0c-54d0a45f97c6,Angela James
6fd8281a-9e8f-4d59-a27c-df8283da0fe5,Michael Walker
e6e84857-108f-42e5-9633-30c7361341f2,Mary Vargas
45bf11e9-da6c-42e7-a4e2-41665de75e89,Jerry Thompson II
8c3de4e9-e091-46e4-8340-61aa5fc4dff5,Suzanne Farley
15e0e464-b273-4d47-9be6-0ea62c470cb1,Danielle Lewis
3c1de34b-a212-4ed6-b873-ddd69882e989,Rebecca Rodriguez
bd596448-6362-4e77-ac6d-951b8441f9b2,Jenny Harrell
1ef94c0a-61ea-48f6-be0f-d6c8c6cc5adc,Gregory Hayes
28bbeaca-1ab4-4dc2-9069-92c17d3a912e,Emily Brown
f2a523e0-a2f4-4df1-b268-cfe9387ab3b4,Caitlyn Hill
5c97fb55-4e65-4c0c-ac37-dd6a1236dcb2,Megan Forbes
34347f71-8cf9-4df7-9ba1-6f882f9ddf6a,Jimmy Bridges
0351e470-de4a-43a9-8e7c-b9fb7bffb10e,Andrea Randall
e616aa67-eb76-412b-970b-c255826755a8,Jaime Hester
8437171f-38e4-4ba0-8482-7aab57e44630,Omar Tyler
093de3e2-f59b-4a32-b66b-4e8d9d2922fa,Kevin Hardy
2a76cd4a-7bbc-4890-915a-b4f6f37c37c4,Brittany Daniels
892930fd-f181-4f95-9374-60e120994f0a,Chloe Payne
641c5f27-41bb-4a25-af13-997a644e63c5,Eric Young
39f8392e-38ba-4b7e-817b-d274ca67e077,Patrick Walls
7081111c-d803-48cb-91a2-b716bef4d293,Brittany Barrera
c62996b7-6232-4561-9287-5328461ba576,Joshua Turner
3ba0c02c-793b-472f-b406-cf93071fa344,John Marshall
15eee98f-bd50-425f-a523-cc53c4415d61,Maria Rodriguez
43aeebd4-d486-4021-ad51-924d44b36912,Mr. Adam Carey
f9ab63fd-69fc-4a8e-af23-63c05437c9b0,Amber Franklin
e628bd2f-f4a8-4fef-8917-e56bc6acfa26,Julie Taylor
82e7dda6-6b48-4a6a-af7b-dc7910b11f04,Anthony Stout
99a1d45b-6716-4116-a4d3-bfbc96176d30,Alex Taylor
03457dc9-f0f6-44ad-9164-e5765ae943b7,Samuel Stout
6e0291fe-9958-41c2-8db2-2ff51ed5a22c,Kayla Brown
4bd5b0a7-d881-48b9-8980-8293052ba4d0,Debra Wolf
3c0c913e-9b74-44d7-8fd5-309abe2acbc8,Andrew Serrano
5fde0e1f-05d0-4af5-a7e5-20e2a71e4ea8,Janet Griffin
bdd9dde7-8f5f-4e5d-9268-3a771be77ca8,Mary Gillespie
19a8e6a9-def2-48bc-97d4-8a314f72157d,Cheryl Campos
7c7536fd-1c8e-4e01-b55e-191b025340f3,Claudia Rodriguez
84ef2d5a-b5a4-485b-9716-27f7cf2226da,Beverly Peters
40ca5efe-e333-423c-ae5c-6c28d0de8a59,Barbara Jefferson
d25ae863-f7cb-4412-96fe-34e2a69656b8,Christopher Barnes
5cfb71ac-95d3-477c-bc7c-09f2fac86b60,Catherine Navarro
2b035580-b7f2-46a5-81b6-3a523e01e742,Karen Patterson
ab471708-bb43-40bc-9139-70a80f949fb6,Christina Patterson
26164de7-2d22-4cb4-9c2e-b2f6786a5938,Lisa Mendoza PhD
f29ad669-2a92-4168-9387-55434281e241,Cynthia Owens
0121dbaf-0d59-4ada-bb06-c61d4fc34ec3,Anne Jackson
aa505317-bbcd-45e7-86ef-ee78334f1a39,Ryan Mclaughlin
c6e094b9-f986-4507-872d-6965aa6de607,Brittany Thomas
e1ee0d4d-328c-4577-89f1-07d2be7fddc4,Douglas Hill
b19a7898-4e95-4e95-b1d8-633149747661,Nancy Austin
733eeb17-d0bd-4e53-8b98-899981c433ab,Kelly Holmes
8483bbcf-a164-44e5-833c-8e595de52add,Michael Briggs
9567a2b4-84af-4e07-9102-e2d36540f434,Brian Johnson
844d8c88-2078-4778-be3a-903eb2ce5a1b,Patrick Richards
1d923505-cb66-4d4e-b9ab-9cd7e6ba0c9f,Jonathan Bennett
4f7244f8-6a1a-4ba6-ab36-ef3e610d1537,Jill Contreras
a70057fa-ef57-4ac3-ad0f-f99129eae818,Nicholas Mcdowell
321149c5-9662-4338-a148-cf3053ba9570,Shirley Guerrero
2ff59702-e1d0-41bc-9eca-e265323cffcf,Jeffrey Silva
2ebd5003-38a3-4e15-811f-9409ee94fa47,Theodore Anderson
ce2c5bb4-61e0-456f-ba5e-e227ea038769,Elizabeth Montgomery
be4a8eec-1e78-4e72-aa5c-a92d48d15fef,Troy Lane
41f15ae7-fe9c-482a-9a9f-aca728f97e51,Joseph Boyer
7eefc502-919e-4cf4-a462-db59ec8d869a,Kenneth Nelson
11421087-7a0a-40ad-bbce-8afc4ec73189,Nichole Brown
b8be7e9e-29ab-4a5a-bf4d-186f1b84e595,Johnny Ryan
a13d194b-7cf2-4eea-9254-32e73b498b1c,Carly Harris
c88fc043-0877-466e-a9c8-03fcc46f75ab,Jonathan Anderson
6121defb-1b33-4572-a929-ee800412dc29,Christy Rios
b9acddac-8fcc-4ef1-906f-c1d68133dea3,Stephanie Williams
e60f6aa9-afae-4ffc-a0aa-ed5ff738a8ed,Deborah Jackson
37f42d7f-ebbd-40e2-be04-183792270f83,Kristi Keller
117e94ef-f76a-4aaf-b7a7-87312685c1b9,Melissa Martin
d9511465-3224-42e9-8730-8fd5cc2ffd61,Alyssa Riddle
29cef9c3-c0b3-44ca-b075-70a43e1da693,David Grant
f3d2892e-f0f6-4c12-97a0-1c3ebf73fcfd,David Hanson
fb4fd2fe-6e32-4439-a569-c903e105b78e,Michelle White
0e675dc5-6663-48c4-8022-97bba399b8b9,Erika Phelps
4549be59-e369-4f3d-93d6-b2321015eb77,Matthew Dawson
83bbd5df-414e-4d0b-8639-9a937b680cb6,Mr. William Baker
ea10259d-8fb6-46bf-af21-eadc8b75deeb,Alexis Cervantes
00e7ebe6-3af2-4fa6-ba41-790b5bb19a54,Jason Richards
db4e6793-c53c-4b4d-9dc4-8fc6ad683500,Heather Gomez MD
35ac2c81-1a80-4e3d-a3eb-e8c6bc2a3da4,Sandra Dixon
20b6266d-db47-4ea9-8dd0-f88d41f79a31,John Simmons
8fd374b5-3d25-48b2-b7e6-3e364f2c107d,Deborah Page
90011864-5614-447c-a957-b895e16e5017,Amanda Herrera
acffc922-83df-4b69-8498-ff831fc883e9,Christopher Robinson
4d7fd589-d623-47c9-8d51-8d16358d93ef,Kevin Jackson
74f4b5fc-6510-4e78-b932-6004097ccd47,Kathy Thomas
36967a37-14eb-49da-8588-33a48763d2c7,Patrick Shields
e24dd9af-fea0-482a-acd0-81bd9d0b7059,Mr. Brent Ward
4cba2248-6ec3-4874-a965-4b46f3ac7407,Daniel Small
5508ef1e-eb36-445b-a9b4-7a8f28050329,Ruben Bennett
adda3161-7222-42f3-857b-d1004e940b78,Erin Flores PhD
a1983131-ee89-4ebf-8980-cdf734be0520,Kevin Jenkins
69bdbf1c-009f-4215-88e3-df6783f881be,John Norris
b68ded74-80de-41b5-8d99-a9a80951bb2f,David Cooper DDS
26e45dd4-a666-4ea3-8989-dff24a22dca0,Danielle Weaver
f9d87dc4-0666-497e-a456-d621385911ac,Joshua Henderson
1db14c9d-a546-4898-8da6-e39996d9da5c,Kevin Martinez
c065c797-babf-4ed0-b87c-ff8177fd217a,George Farrell
d9cb5710-5e12-4edf-b2e1-834f004de77e,Melissa Roberts
332783e6-3815-488e-b3be-b786f493148e,Ryan Byrd
8fdcd1e4-54fb-4b6c-9206-7fd17c3eb57b,Darryl Green
45f55bcb-e005-4697-9367-8b3273ecbedd,Mason Thornton
663b52bc-3348-4325-9545-40911eb0d0d6,Nathan Murray
d69872f8-cd1d-49aa-a48a-c58b8f976b25,Steven Brown
4a67ddf4-c4c4-444b-bcb6-49330a5fc074,Sharon Smith
7f4132c3-53d8-4dfd-9acd-a532ba743051,Ronnie Anderson
09e3d95e-b93f-457d-86df-4e6fbc5b8873,Mrs. Megan Scott
ca88ec7a-ef20-4f7d-ab09-bcf236aed80a,Jessica Taylor
b865899c-0a66-419e-adae-a4be4dc97498,Hannah Davis
e0c7dad3-22ea-4690-9984-af42bb56deba,Calvin Mccullough
1999367e-0a9a-44be-9609-0be41b5b993b,Corey Calhoun
43ed51a4-7e39-47fe-a3fd-217e5944e26d,Sarah Smith
51f17ad1-e734-42f9-bf9b-c82647bffbff,Christine Gonzales
db4e7bb5-6cdf-4a52-85a3-4834e8049fea,Kevin Marquez
70e00f00-3472-4998-8775-318c4800fda6,Michael Baker Jr.
58e9ced4-6b4d-4bfa-9c7d-e9cbd19c8683,Tamara Hinton
7655d217-93f6-4bec-b256-f7bbe9390efd,Curtis Moore
059a46ea-dba8-4e37-b43d-20f90f11368e,Melvin Ingram
ca442f11-d85c-4fc0-bf6d-991b31c6b682,Sara Valentine
38aa2c96-5be3-4e03-8cf6-af8ec89dcd2c,Connie Collins
e3ae1df7-a021-40db-aa37-d4f771c5924f,Nicole Bailey
cc91ee0d-817e-4839-bf67-2eccb01b1625,Crystal Mendez
c21c5d4c-d9df-46a5-a165-0db3aa346544,Haley Obrien
d98e1b6e-3986-4d5a-8562-521a9bb8c8ea,Rachel Rodriguez
c5ffbd25-17d1-4139-9190-ceddd9ce0c0b,Rhonda Gomez
d9ba0edf-7565-4cb3-bb27-be2ecbcc9e14,Casey Martinez
98af0e53-98fc-47fa-9243-52dc192ff21c,Eric Schroeder
eb1317db-a14a-4253-9d0e-243230d13b0c,Renee Gibson
c659d2f4-5885-448f-a2cb-7faa7d92e340,Shane Yates
4e70d592-71b4-4c31-b820-992b5e4c0584,Jeffery Harrison
3fcf4447-87c2-4914-8aba-ea4194af1a59,Christopher Kim
8d63a441-b28e-478a-952e-37047881f74a,Andrea Callahan
d0f65ce9-265b-4f8c-bf69-8739c91f418e,Kimberly Barnes
b06e715c-7925-4848-9e92-903cb0181f29,Jacob Brown
c85520d8-4e1d-47a7-b711-6612768fe57d,Michael Figueroa
d1a6a320-ad9a-4546-973a-e36296c47a8d,Tina Collins
8d99c564-5dd7-4f2f-8967-da74138ce570,Ashley Ross
abb2e888-75c2-4dd6-baf7-5cd7ce2bf2db,Julie Fuentes
8b70b979-cafa-47ad-b3db-12ef25542677,Molly Smith
2f59021d-b0af-4c0b-bc8b-a66caed93fb4,Kelly Bennett
159d7ae5-5d05-406d-a3e7-49f6edb300db,Stephanie Anderson
4bb9bd51-4d1e-406d-9e3b-802b466701f4,Carlos Leon
b364915e-5eb1-4987-815f-809bcf36bb9a,Angela Huffman
792babc3-9989-447b-91b5-a8ae31923be3,Sara Henderson
f566db72-ea25-4beb-bf53-3fb32261399a,Elizabeth David
56bd2803-1ad5-4beb-9a8e-ee0f661d492c,Mark Taylor
74225e70-3390-4368-a87b-8f45fb29184d,John Larson
ab9f8952-26f4-49fe-adc2-8e1abe1e3253,Derrick Brown
a3ec5289-700d-4da5-9d97-b08112c15d8e,Joseph Fletcher
e635e634-592a-4800-9467-be8d66bc2d26,Brandy Schaefer
eab39fd3-68db-464e-9ec6-97ee0a55ebd4,Richard Pitts
e099ae10-5a01-443f-a1db-c0e14ed58b9a,George Cline
eba289e4-5b08-4ead-ad35-9221069a6835,Chad Jackson
04385a82-59e2-4434-bdd2-5e825d8dd0be,Stephanie Quinn
3496a14a-cb36-40fb-bbfa-81570b1b89ef,Lisa Mason
f4a1cd11-0efd-4218-ae38-b8f0f80c79ee,Chad Walsh
cdfd588b-b63a-4636-89ab-6c641a973812,Jessica Wade
e50ccbb8-7e96-436f-a3f9-51560e50bc9a,Ashley Johnson
cdbc69bd-e088-4684-90a0-63b61e1ad5c3,Shelby Gonzalez
07a41b0f-86a9-457c-8285-825a41736597,Carrie Wilson
734759cb-9b42-4287-bdcf-b378688dcfab,Scott Perkins
45c96085-a50e-4ca6-a829-328b470a0561,Traci Landry
6dc0247d-8f5c-415b-8a36-725a9c6f9c2d,Lydia Khan
023789dc-e602-46b9-9616-440cd7788b28,Rebecca Warren
40755b5e-419f-4df0-9c7e-8536f56044bf,Erin Baker
298f865b-88bf-451a-9a91-4ab572ec5f9b,Lisa Townsend
80d533ba-8b61-4d45-88d8-a7b0021e8d2e,George Garcia
1564e9ec-9187-47df-9cf3-33f06b53bf8a,Joshua Webb
c3773df6-01f8-48fd-b883-8b5d0005b868,Leonard Jackson
0b66a4ab-24d3-4904-9cee-6a245752b9bd,Brenda Dillon
c35716dd-8599-479b-bd0b-dfb2517eec25,Garrett Black
eec71966-901a-4538-ba3a-e3da0bf3af97,Veronica Buckley
c1bfe338-1cdc-4176-98cf-524f8cc4e807,Bethany Baker
1beb72e3-13f9-4815-9fa8-688405cc2737,Timothy Navarro
7d1cb940-3456-4e46-9224-5ea68d576d37,Traci Maddox
1bc8c64b-3a39-4756-b757-7741acf88c9b,Lori Butler
0d247501-0a52-4fee-bf98-2f714c4dc679,Rachel Watson
66584770-629c-43db-9e76-0c23567f6ccd,Timothy Gutierrez
abd33d4d-8f32-40b6-b700-56c56af14eb2,Sara Potter
0170f8a7-3336-4fce-af92-aaf91a23cbd7,William James
6f3bd46d-4b88-49fb-917b-e7d3e885e4a6,Kimberly Jackson
e9bc2f49-e402-4667-b25e-c9a2cc6c896f,William Johnson
6c534363-3dcf-4090-bb8a-ccaee64ea961,Jody Valencia
4836ab68-7f15-48a3-a218-55bbc696fe40,Kyle Mckinney
b086fd6d-381e-4eee-a1e4-23d80273eb44,Dale Berry
ff384ff0-2582-46e5-a1ec-43fa0d502dee,Matthew Jordan
880fdc40-3506-4872-8718-25a2edf5d794,Ashley Lam
703f3900-53a7-4d8e-a7a6-b1261e285c1e,Dawn Williams
fbe1c896-2794-43f3-a056-6438059c018d,Scott Jones
efe97ea6-b120-4ef3-8a07-2dc37ccb7f72,Wendy Ramirez
de0154cd-960f-4a76-ba2e-d0bfb4e83c84,Mrs. Melissa Bernard
e68905fa-d4de-4060-a5af-34e9e8929a2f,Kathleen Rivera
b44c8ee9-9ca0-4b05-a5e4-943c7102d760,Karina Thompson
8958af90-67c9-4cf5-97dc-b086768a9d92,Ryan Carpenter
e822210b-f7d0-4f9c-baef-3cb285f27c11,Kyle Martin
67e70ebe-6fda-42ee-b2e2-64dc00bbf5c1,Dr. Matthew Hancock
d306f1f1-43af-41ba-a6df-54548e7b2441,Benjamin Bell
f337887b-4aba-40cf-a591-0f6330c43a26,Samuel Washington
e6b46f9b-0ae3-463e-8d27-e1a0c6964118,Kenneth Wilcox
311fb33e-8f8c-41ca-987f-de623b148548,Christina Roberts
030afa2b-fd4d-49ec-99f2-079fc29ff485,Jonathan Arroyo
37763108-ae3e-40da-a3fb-dcd39e9a1c4a,Misty Reed
ac2b2d41-066c-4837-a9d1-b10b4f75a51d,David Webb
b49f6de6-4d6f-40ce-bc2f-8f0ddd1f86a4,Michele Allen
e668e381-18a5-42b5-b71d-e8468eb92f83,Stephanie Williams
dbc54ec4-c7d3-492a-a9a6-43e9973c20ce,Michael Gallegos
92069392-d745-443c-a6d7-82d78d9aec3b,Brandon Shannon
73266509-84ec-40cd-8290-fb0b239f80fb,James Stuart
dcb5ceae-2848-495d-a802-dbc7dad3ec01,Robert Black
1b9236c0-f075-4bc2-895f-dacb5144ccb6,Kristin Frank
8d40e54c-bb23-4aad-aed5-9629e6bbfcfb,Adam Rowe
41526ed9-cd46-4691-bd5f-724a2dedfa98,Brenda Kent
ce19c7b7-ec6e-4f34-8714-1a48312a8b6a,Dillon Jennings
7e4b429a-053e-4429-957e-90d58c52893a,Eric Adams
64ab52d7-07ae-4092-a5d4-84c6ec860214,John Lowe
71846867-7111-46de-8992-4dc27b5e1f06,Bradley Shannon
465ea562-79c4-4571-aeb8-1612fe9e4dee,Leslie Cruz
07736912-c2c9-436a-b867-cf171e2cca5c,Derek Marshall
688ca041-fd0c-445b-b1c0-d57546082bae,Alicia Clark
57a1c3cc-ada8-4bbe-941d-96ae0b37f269,Timothy Young
67cab280-eda8-4195-85ae-b2bed70218b8,Christopher Hall
29e719f2-27bc-44ce-8bc2-43044be84dfd,Ashley Roberts
3ea33905-533c-4ddf-8816-d3fb5d46e724,Glen King
8da3c6ca-e54f-46a7-8441-97cc1b476cca,Justin Leon
e7f24fd2-4cd4-49a4-a083-73c4f89f0ccb,Patricia Dickerson
acbaffb1-4d28-401d-874a-631d785d6060,Jeanette Johnson
85ea2891-2213-4702-afc1-1f27374af837,Shelby Morales
7491dfdf-33a8-4ecf-9dcd-8563b6c32015,Trevor Rodriguez
998f8d84-99ca-4f6f-a21d-b24d37086332,Amanda Hodges
d3ab30b3-7849-4428-a493-dd40fb29c174,Melissa Harris
dd5eae79-0621-4b85-b5c1-ae63c4e23349,Kevin Castro
d7875ac0-3526-49a1-8342-45933cec508a,Monica Shepard
3a6950af-085e-41d5-b770-d4d7822109bd,Dustin Clarke
55c56237-7765-44d9-a147-00cf82429b85,Brandon Lang
5446605f-5a8e-4f82-90e7-034f59ed0577,Sarah Hunt PhD
a4a8083d-b370-4dd0-a3dc-828e0fc8537e,Joseph Adkins
741b02f3-c186-453d-b875-10477463d507,Judy Alvarez
604f8e37-bb3b-4f30-8ee2-5a0554535c24,Jacob Reeves
14403c44-12de-4c6c-83ea-80adf3e91bce,Patrick Thomas
f2e385be-5a02-4bd4-b809-3d3657cdad06,Christian Schneider
11dca087-d82b-43d5-9ff0-26cca6cb3681,Keith Phillips
b6c8f86f-ade0-49e0-b7c7-1ee4067edd42,Kenneth Moore
77a1dfd4-d336-46b5-a491-8afd4391c93c,Shirley Stone
ceb4e46d-450b-43bc-9f6c-01cecebcdb85,Steven Williams
cffc504b-ea8c-44f1-8fbf-41bb1d76c372,Lauren Hill
d4602c9e-5207-4ae4-be5d-58b9a21be59f,Kristen Ramirez
84ff9900-410a-4bea-87e9-ddf02c420172,Timothy Meyers
8a69843f-8ce7-468f-88a8-dfcdb7a10944,John Hall
9a661a62-3a0b-4d4d-b416-d066c8db04b3,Anthony Dickson
7fd0a5b6-fee9-4068-a63f-d9662dbfd346,Erica Scott DVM
b3c8066d-f2b0-43b6-b555-a139b981baaf,Pamela Lane
bd21fff2-cade-4b41-90bf-e0572de0411a,Susan Bennett
a93463d8-10a3-4882-87da-c5e39334d4dc,Ryan Austin
9ff6fb9c-48c3-4892-98fe-521c206b9d8b,Brian Davenport
356c174c-755f-4add-8039-c753e77d44a1,Stephanie Williams
b2cb32d9-dcb9-48c7-987f-dd7fc45a526f,Don Duran
9926a9a4-726e-400c-a805-da3dcbc7e2fd,Emma Mitchell
e02f1bc3-f556-4e42-99f9-dc7b3ac84b95,Roy Young
86370a76-2cbd-48e1-8e8f-2b6b3d06ef72,Nicholas Curry
15c181c7-5393-4c2b-ba4c-0e8e8f25f1bd,Micheal Ross
5f8e2b65-64d6-44f4-bc58-3acf5e27175f,Sarah Haney
b2b153f9-7f0f-4f2b-ac3d-ef1116aa3e79,Mrs. Hannah Figueroa
0f806908-9620-432a-b92c-3152de78d518,James Gutierrez
d0b176ce-2e93-4fee-b55d-7165cef35afb,Michael Steele
45ef9eb6-0060-4ad6-9dfb-e8d0b5925d78,Andre Sanders
8648697d-55bd-47ce-9f77-5a0d7e22b9cd,Daniel Mendoza
6b22685e-1842-4801-bc09-e8adea10c5dc,Luis Francis
624b6a61-7e24-41a3-b04c-9137d59de995,Kimberly Schneider
d772843f-96fc-4954-bc83-f817bf4c41f0,Madison Davis
20b86dcb-968f-4ed7-9ce6-68ef5b80bfc0,Melissa Davis
092649c8-4a63-4726-8cb7-7907521a3f2f,Dana Gentry
21578d30-b6ac-46a1-b84e-4bb9a5433747,Susan Castillo
cba205b1-beee-4c81-a706-a245f3c3c700,Michael Cobb
489d481f-4c25-4cba-99a4-8939549b0367,Allen Nolan
c97c2b7c-eec0-47a2-8a88-def00e33138b,Gregory Garza
e3161b30-0170-454f-b960-2d450d92039c,April Curtis
191fe2d9-5a99-4fb8-90c8-31cfadd44e18,Christopher Cooper
a65ab046-812e-42e1-9265-792675b08e26,Cassidy Gaines
29fab0bd-598d-4ac4-bb12-e9c786d14ce4,Matthew Allen
de9b3271-a5e1-471f-9d81-f99467803158,Sean Carter
577a6296-8162-487f-a3a9-f2126753eac5,Bill Owens
377540de-367d-48e3-88f9-93dfd4f4287a,Amy Garcia
3bccabda-3cf9-4c4e-be8a-3667103a7e77,Diane Nguyen
b992fe41-bda7-4abc-96f9-5c81b49918e4,Michael Perez
d0313dca-3714-458f-a065-7030715f8e7c,Sheila Fisher
f504ae70-00f8-42b1-abe1-878c2ee34159,Lisa Lopez
c4069f78-734b-4067-9d80-9890d65f0f69,Nicholas Gray
f87b7178-8402-46bd-9549-61944eac7ab0,Timothy Waller
77acdaac-5026-4fbd-b924-fbb6a59da1bc,Brandon Parker
b3dbeed9-54b2-40e0-9a57-cb8568a718d7,Bonnie Jones
6a8deec7-02ad-496c-99b1-88ae88c23a42,Margaret Bass
42a9b8cc-de66-4666-9f94-755fa88b602c,Stephen Robbins
000fde88-5e18-437d-bd3b-608e666ed0b6,Carrie Abbott
7ab03ed5-75da-40a0-b189-288c2f53b897,Melissa Miller
b8bcacdf-d185-4b30-ae77-b1114afc2d35,Laura Holt
d828e150-b0f1-48ff-9974-df41f3eef605,Jacqueline Morris
147ca188-f3d8-483b-84aa-9c394fea416d,Casey Miller
7d330537-c0fc-4fa8-afca-4ab5f1047506,Adam Carpenter
b6c79f10-e9a3-4fa6-ad1d-27fe5512054c,James Thomas
f1210f01-263b-4138-82c9-736c1a1c32ff,Thomas Houston
cc8409ff-8a3c-43e9-b81a-db0ace5457ef,Ann Morris
851fa2dd-aa8e-48ea-95ad-cfaee6d3baa4,Mary Pacheco
1b19f916-37e0-4379-94af-9e231d4fc42d,Brittany Rodriguez
0d81c8fe-1126-4e7a-82e6-d42e6e670215,John Lowe
c2c83a97-8f50-4344-8a75-3612c657a755,John Price
d918162c-ec08-4fa5-88fc-fa92ec706875,William Valenzuela
9f4fd62f-b67b-4ca2-91a6-cd3e79753042,Charles Waters
4c86fe3b-8256-4319-9eb9-2ee1a44ae654,Jeremy Shannon
a9e6df87-2b9a-4112-a44e-2ecb677abdbf,Michael Carter
b552c919-985a-4226-ab3f-6de2be33d41d,Carolyn Moore
f84be299-0b71-40d9-81ce-a2b974cc6c27,Cody Gonzalez
9f41aba3-e9df-42d7-aed9-5b0e512bb11d,Ryan Martinez
33adb587-222a-496e-b592-e9d08ba03949,John Brewer
a7316a5c-ff99-460c-83a2-8106e3a7abc5,Craig Owens
0dcb99bf-6f6a-40d0-b52a-55b59037b4e2,Hunter Dean
5dbe6f6c-0b8f-4d71-b227-ac44e717d1a8,Thomas Valencia
565da929-ab5c-4306-a414-f75d01d84f98,James Robertson
ebd595d7-f354-4188-aa81-90289cff3d4c,Ann Sanchez
c2ee15fb-834f-4ce0-adf1-54792152e019,Carol Christensen
bebcab88-a701-46e6-9654-c04645c3136b,Natasha Johnston
b70d21a4-8db9-420f-8a7f-a25d519ebdf9,Martin Henderson
8a11ed66-b898-4cbe-a38b-740afc39d4d5,Kimberly Nunez
858c23e7-9e4f-4f7a-89bc-477a263ffa06,Michael Vaughan
a31ec1d5-25c7-4fc2-9a21-dc003bce1cd8,Chad Garcia
6aebbdca-40e7-4d62-988a-44fbf998416c,David Lewis
a7963a9b-1b3e-4285-b6ad-b1d1f7b2b2b1,Joseph Pope
f6b51c5b-77eb-4e5d-8a97-4c769d140a49,Holly Harvey
e50d4e50-ee4c-4b88-a186-0bf0f2d02617,Tina Grant
d1e19b2c-6d6c-48c5-af45-03ef554be9b1,Sara Stephenson
714c13e1-bdc0-442f-aeb1-ea90f1b305cc,Mr. Joe Lane
c0ee5d75-858b-4d0f-93e9-ecf7a2cb7050,Tyler Ramirez
a5401a09-a101-490c-8541-0059d94bb29e,Matthew Carrillo
cb5e96d8-7a0f-4e01-a8f1-319b1e02ec4d,Kimberly Jones
57f15547-ded4-460c-83ab-f15b0369ae84,Anthony Waller
2b347f57-5a31-499e-9ccd-bdaee6edb82f,Austin Norton
e94cd526-2dcf-4f3f-b660-1664aa04ddbe,Kevin Gomez
4704f8e2-4ca7-4eaa-9cba-acd583607402,Nicholas Meyer
3be7dc95-0340-4865-a9e3-7f067f38aa9b,Andrew Cohen
7a37bf46-0550-490f-ada7-2dbee1c91498,Janet Jefferson
3a9ca271-d80d-410c-a225-a421f1d89299,Gregory Anderson
a343ad89-5a4a-43de-8992-b9930f39e049,Jennifer Robles
49c72b76-8588-416f-8d88-7465531be24c,Elizabeth Hobbs
994a8395-a707-4f07-b9c3-f66b56f35682,Benjamin Rice
1f70ee86-9709-41c3-a727-b984d59b3328,Lisa Snyder
894b2da2-6762-4ffb-afbf-4270332bf00e,Michelle Roberts
79862867-ef0c-47bc-9095-ceb0a62b515d,Maria Cherry
4ec06aa0-6f05-4f5e-aec6-284dc25ac638,Paul Black
9374d888-76e3-40d7-9caa-b37acbea53b1,Caleb Wilson
8665e6e1-40e4-4039-a723-87f0f11fc79c,Carla Jensen
feefcf48-fce2-4651-b11c-281294547eb4,Dave Murphy
7d99f131-a379-4d24-9722-0694a964ad39,Laura Reynolds
97aa339b-7e14-453f-8325-4bb8a2dcab9f,Joshua Proctor
768dcd28-a8ea-458b-a3f8-2a03c0d347d6,Lawrence Ochoa
a400053c-dcee-4375-aaf1-73353a0b59ca,Charles Romero
e4c409c7-2d36-4578-9c22-8087d2f0d5e4,Amanda Young
81cb1c85-c0de-48fd-9886-372322543a71,Charles Johnson
1a387781-bfcd-4847-87a4-2b6214143b12,Adam Roberts
7d89aa10-91a8-43ad-a1d6-8a3aa931b5de,Melissa Austin
5d9e8ebc-f625-40e1-b623-9cfde44bab14,Elizabeth Lewis
04c415b8-e014-402f-8bc5-282277e6cd76,Grant Poole
ff2c11b5-2127-40bb-adb7-c24c18864180,Jennifer King
09c49ec4-da3d-47b9-a077-2386b716cf76,Sara Dominguez
5405d39e-723f-479a-8185-881adf1f0cf7,Kimberly Johnson
347be2f8-0435-4871-b37c-0443ef000267,Jorge Ellis
1944a849-6296-43ad-b1e4-c9c20c090be3,Shannon Taylor
0e31a39e-018d-4847-b886-fb8bc45e9782,Kyle Hart
5cf5b081-cd65-4841-92e6-214a6741dc26,Jacob Ingram
87167118-de07-4f1f-a271-35a6801723e1,Emily Briggs
452615e1-abb2-4785-bfd5-6e12b99b7d2e,Chase Rogers
d850a648-e9e3-4e52-b7b0-f166bfd30124,Mark Olson
624c5e30-ff4e-4a76-b056-137cd5e15299,Taylor Hudson
b1af4094-212e-461e-93ce-86855ff1a5b7,Nicholas Jones
1b98e75d-85d9-4afc-be5a-eeb8ee41b933,Kathleen Williams
3404f4be-287b-4301-b7ff-352e43fc5e3c,Linda Thompson
5935fd20-35fd-43aa-9586-dc2beaa6f579,Carmen Arnold
e6a3931e-9114-4fcc-aae7-644d8138c5a1,Matthew Rowland
255915f0-96b1-4818-a8b4-7ab582f63c57,Brenda Daniel
29bbb040-1c65-4eac-bf39-03a46b2e2f59,Teresa Murray
bf798e80-32d7-46c9-842a-9a8fb141c6ad,Michael Gray
d81c2661-5607-4b43-89ad-d9e896d89126,Clayton Brown
7389e2bb-5a2b-460d-adba-39e1e99eb56c,Dustin Reynolds
d593fbad-0aae-4fda-a314-b96699dee10e,Michelle Herring
8d7676b2-e707-4686-96b1-c5c522787673,Keith Burgess
108ff44a-03ef-41df-8de3-45e25011981e,Don Valencia
c40a2391-785e-4a62-ad98-a33d4d886e02,Kelli Williams
68bf2b59-de8a-4d80-814f-d6af2ce05c00,Peter Green
5699e725-19bd-4920-959e-4a8b6b039f57,Elizabeth Walker
b4be1d88-0d4d-4ce5-a2d9-d56dc12c949f,Lee Miller
2e7aebfa-9fb5-4f42-a35e-a3aac85991c4,Michael Porter
f804541b-5a5e-4c7b-87e5-6bb324eace88,Carolyn Carney
b0dff73a-0fee-4a11-af00-91b010cee6b3,Jacob Mosley
43ddba0a-754d-44e8-87eb-b10ed4775ae1,Jessica Bowman
d1539111-c11c-4a80-b3a4-1778ae6ab8c1,Anthony Simmons
626d62dc-0ec4-4d01-becd-247a559fb8f7,Karen Oliver
bd53f8a8-8fa9-4d8f-9459-e29c7b9de8d3,Jessica Brown
054d6844-a4d0-46b3-9633-c645eb1b1130,Sally Olson
ed5dc1ae-8ba0-4845-85b4-43505d48c9c0,Jason Henderson
5faede3c-38a2-4336-8209-fd5dfd2204fb,Cody Perez
15deec10-4d52-46f3-be0c-9a06268718d6,John Phillips
4a2454fc-439e-4a7b-9d18-3fddca833bc8,Daniel Gibson
c3a56b95-203e-4e8c-901b-3f7898d44a1b,John Perez
75e51fa3-f17c-4365-a9d4-82c58890cdae,Amanda Bates
54b66036-bbf4-4525-8265-9dcf566ea74f,Julie Wyatt
532ebc82-cb42-4700-9768-82fad71aa491,Cheryl Wilson
c9e8ce82-40cd-47cf-b4f1-feb0f699f7d8,Garrett Martinez
4df41f56-7f97-44b0-9281-6d779c092305,Robert Riley
c1571a2b-4960-425e-8093-b586162bf648,Kimberly Haney
ab464208-0410-467b-a4a9-ea42911aec47,Rachael Stafford
f46d278e-bbe0-4fbc-a394-91deb5c8f24f,Matthew King
4c5fec63-d0c3-430b-a453-49e73d23e4e4,Cheyenne Briggs
7823c00e-cd2a-4b07-9895-68565220986e,Richard Lawrence
7c47bf9d-0765-4f4e-bf32-18ca582a373b,Sarah Ibarra
dbe864dd-14a1-4bb4-bbc7-e217bc7fdb51,Carol Vasquez
8bc6a0bb-eb78-4268-b919-113d93d69613,Robert Marquez
5d6c12af-5351-4b7d-a2f8-349d7132b37a,Andrea Jackson
f4035dd0-a241-4f6a-b0f2-a5812b0e5c58,Jordan Allen
3c7740ca-1649-49c5-bd48-20ec84807578,Brittany Hernandez
b184473a-09c0-43e1-acc9-23aa34164dd1,Richard Richmond
d5a0375e-204f-4b26-8078-7a0a84326574,Ryan Garcia
7bca0238-ba1c-4e09-8615-1ad967abecba,Martin Greer
d07d3f5a-92d8-4dbb-96c2-307e60d6e049,Justin Turner DVM
8cf1ca4a-e8e3-4214-b960-810a1b4c97bb,Jeremy Martinez
ff06edb9-8955-439a-a1db-aa0daa191500,Aimee Dean
be0e6674-17a8-4bb1-8d70-941e5cd3e0eb,Robert Robinson
1fb99d4d-f24d-466b-8254-37f047aad2cf,Natalie Wilson
03d34568-7185-4a49-b8c8-f2846964823e,Mary Martin
94575965-b063-4398-acd5-9161245fff79,Robert Perez
23c9105b-ace6-4b6d-a426-acd5dc46855c,Casey Miller
75cfff3c-4c8b-4ecd-aa42-a2a00f365bf4,Courtney Dunlap
242c2732-273a-4f36-b2bf-59766651c4d4,Aimee Oliver DVM
52e48ac6-1f86-40de-bc6a-aee7eaf53702,Derek Lang
aebaab61-0f06-4de9-843a-84898fdaf483,Darrell Cox
19690f74-0250-476a-ad82-89769457b655,Kelly Pearson
2882f4f7-6475-433f-97d8-6304b8cfe163,Joshua Buckley
9a215300-5930-4341-b52b-bac877069c8a,John Roberts
460b2fe1-7cca-40c7-8d16-e24b863c04e6,Daniel Nelson
0cefc2cd-665f-4e0c-a8e7-3fd5390081ba,Robert Patel
bfa83ec1-d8a6-41c9-a5ee-318d76adac99,Wanda Diaz
1c682786-b2e5-4631-b4b0-b5cce1559feb,Samantha Mills
db126f00-8ea3-4d9a-a363-6a02bdbbc87f,Krista Young
8aefb02c-2147-4862-92ba-3fffd0567837,Connor Watson
1a679de5-c2f8-4855-b993-82d7419b65ce,Jonathan Herman
ae3e4001-1fce-4ddf-8f42-549fd2b9befd,Angela Roberson
e28de02c-c0eb-47c2-b22b-906e2f1cdac7,Amanda Wolfe
f3f0cb66-1d07-420b-96e4-f4597ef89a51,Linda Snow
d30f3d6b-daf0-4055-94f8-ea40f1b0f74b,Tiffany Logan
c0496c4d-6b9e-40fd-928c-e2ad35ae769b,Wanda Osborne
4c21c2ee-c4b6-4e9c-b68f-d2ddb7f00570,Larry French
4bdcf930-af64-4bc7-8e08-a769c9a1a194,Kaylee Pena
1a9f3774-515c-4fbc-849d-cf05481082db,Paula Mcdonald
e4dfb0ac-3838-4043-8226-02fb111230e6,Michael Dixon
5f624933-b98e-4bff-bafd-402a76e989bc,Elizabeth Davis
12e22fb6-8473-4327-8609-4de80cb2758e,Karen Pugh
34179afe-4f7b-42c3-805f-3da2be795908,Annette Turner
3f0ea42f-ee0a-4bb3-b553-be7b236c44ea,Gerald Castillo
7de4688c-209f-4812-b29a-86a70c2e0f05,Katherine Roy
5ac7a6bc-3f93-4e31-8080-7a72344c6df9,Benjamin Adkins
e76d50f1-b3ec-457e-b778-1ab561cfe123,Patrick Holloway
423f86fa-f532-44f3-8adb-371aa12d1287,Heather Ferguson
0129e687-1d4f-449a-a858-3a2a6dc115c4,Dennis Johnson
f393e53a-e16f-4f48-860d-58e1de995ee6,Richard Owen
0ee69573-a6e1-4c7c-a6bc-ace94fa6df3c,Mark Garcia
e6d7360d-837c-46c7-9151-1723cf572dfe,Diane Haney
75ce4190-281b-4565-b9dd-d7b3b01bd397,Melissa Smith
2d7ae6e1-85bd-4a21-bc56-556ee78cb363,Heidi Branch
6783c58a-8920-44ed-b591-6e3305e20ea9,Michael Miller
51b1102a-4b48-44f6-b31b-c8d755b930eb,James Brown
5e91b13d-7069-4b79-8567-51e606eee638,Dwayne Gilbert
2eefb44d-38c3-4676-8e70-7ba56075a434,William Rodriguez
bad1849d-4595-4c38-8832-2082713904da,Taylor Smith
b60d13de-4fff-4858-94e5-4052d43f4c1b,John Kelly
8edce0b8-aec5-45c0-9094-c4528a5878fc,William Robbins
0b70ae04-125f-43e7-b330-5e8a85b6f4f2,Evan Marshall
dcc2ff1e-8d8e-405f-b22d-e3a6b2ff1310,Janet Stein
daa99f7e-1d47-41b1-a2d3-a4ec77fc1010,Crystal Thompson
bf3e2cb7-a89a-4af0-be94-fcbedb47a295,Ryan Davenport
5a64f6fc-2090-46f6-a7ca-36a9265fdbee,Amy Simmons
3a0f8a40-f3dc-49b0-b8d3-7befff1b9d40,Mrs. Denise Allen
6f330cb3-1cd2-481c-8c8a-5fe48308540d,Charles Howell
2d83b245-6999-43bb-9b48-59b783efd793,Douglas Johnson
8eb8c86c-46c1-4b66-bf40-835b88d4a379,David Garza
2d433220-39c6-4130-9e52-a5b5aa13e61a,Garrett Sutton
7607d683-26eb-4ddf-a7f1-0394f00428f1,Natasha Carter
9f6f3e16-4ccc-46da-b6eb-4a19b75e50d9,Kathleen Goodman
9a4007ea-d521-4cfa-a57a-a4a248ba1ab0,Dustin Sanchez
78149bdc-2f64-4c30-89a0-10f274760d48,Victor Reese
2d320eaf-2f53-479a-b6ca-9f8c60932aac,Theresa Pennington
5460d05f-8b97-4aaf-ba82-2622a3fa66dd,Karla Vang
554e1e11-0ecd-4e4b-996f-10f79a15f304,Christopher Moore
b9cb5f1d-f3dc-4d4d-9fd3-963c26d2beac,William Wallace II
c05d1662-78e0-4cbe-87d7-1dd8faa87938,Patricia Smith
cd899ce0-df84-46b4-97e5-baa52bad479c,Kathryn King
de322fa5-be8c-40c2-9969-fe2da869e64a,Amanda Harper
6b5f5e1f-134f-4b97-bee7-bd6b37180fc0,Cheryl Howard
48a80fc0-4696-4bd3-9332-af57ae574170,Russell Hutchinson
41d2619f-aced-47ca-90a0-7eb7a0f39465,Jordan Mccullough
a0c07b74-589b-42c3-9b5b-50bb15d48df7,Paul Gardner
f9655976-5f17-4a0f-af07-9c621d3ca1e9,Timothy Bowers
b6a2beda-c766-4ff0-bf06-4778e95a4aae,Sarah Ross
2c80b950-473b-427d-a57e-07fec71a3033,Ryan Nash
9eb81b21-cf7e-44fa-a525-423a3b58dc56,Sabrina Downs
46611a37-de05-4322-8982-fb831707af8e,Charles Pineda
ee4db628-678d-42a6-80df-4002e5487332,Rachel Willis
cc1f7129-a414-4cc0-b1ea-0a36b48befc0,Corey Rasmussen
e9662b9e-d9de-45eb-bce9-e18c2e050be5,Anna Fleming
31edb206-95ba-41fe-9de7-7295657414b9,Zachary Turner
ff4ef1ea-0385-466a-83e6-9469fda91682,Sandra Crawford
d6ac3219-cd30-4c6b-a8e4-c3084501a5e3,Jennifer Stevens
ffb5bf79-a948-40c0-95e0-cb6150012d72,Melissa Larsen
78b3e7bc-45b0-48cd-9a6c-c80bbbe389b3,Brandon Ford
852bb5b4-1e7b-47f2-8b90-e743ceabdf9d,Richard Jones
97ace4da-b8c4-4500-887d-cd8a780551ac,Jill Barrett
33f79bb2-49f5-47b4-9769-56c0fdf9938d,Mary Ramirez
677065c1-e98a-4f19-a683-360ba538a70c,Fred Gibson
fdffd4f8-6b5c-4192-b952-e18d86feaa4c,Mark Guzman
b61ac189-2cf3-424f-98d3-7db221f5e777,Nicholas Cohen
bc463495-1a7a-45a8-9d25-20cd2bb202f8,Emily Parker
76acace9-70f7-4f5b-8173-edca04e89d9f,Mark Johnson
a63113e6-5bc7-4cd8-b711-1b3de9251dbe,Devin Cabrera
8ff6a18b-622d-4030-b674-30ff4aa9f314,Traci Hicks
7f5a8ccf-a12a-40dd-b311-54e75ed787d4,Sandra Myers
0b278112-78e4-4b98-afff-6a70b77ec057,Cynthia Johnson
78cfeedb-bdaa-4994-b260-1cedb83ef841,Christina Johnson
ba70cc69-6efb-4de7-8b0b-57919fa73ecf,Calvin Strong
5477ebd0-663e-4a4a-8c2c-76fe11ea365b,Andrew Anthony
d042674c-8b13-490f-a36e-d3277253ce9d,Karen Bennett
424f8ebb-4939-473d-b7a9-7acd014d6e9b,Matthew Stewart
5a5458eb-1d05-4ac6-9ee4-f573ba7c3869,Martin Barnes
0f28f150-d56d-4f7a-92db-0ae5d605216d,James Grant
4949349e-53ea-4893-874d-51e5bb2553f7,Katherine Zuniga
4f25fdfe-7db3-4944-8585-7dcaf897c5e2,Jennifer Manning
6907e9e7-647f-4858-a708-41b5810a81b7,Frank Montgomery
15fd86e7-34b4-4985-88c8-5b2ab5ad6caf,Sarah Smith
bc3c5bca-152d-48e2-9c98-d595dc307aef,Katherine Wood
3733cc9e-2611-4649-8e26-d4d494465c94,Ian Tapia
edb757d0-ef50-4165-a6d1-f24b6526556a,Mrs. Ana Garrett
06a6fd04-5df7-4813-a9ef-87a7b679d3c3,Timothy Ferguson
8729d99c-96f9-4aa9-97c2-cf1f2b226ed8,Carrie Welch
c503c42f-0efe-408d-b37a-39bde47e7ab2,Amber Clark
fc32357d-0ac1-4d84-809a-d4384590b2f0,Charles Carpenter
a9e0204c-0c2f-416b-b8d2-6ffaa770b0bc,Jennifer Atkinson
451dbf38-bc4c-45f4-896e-7eef82572a87,David Barton
9ec489b4-0501-428f-ad42-7686fe0aa56e,Teresa Humphrey
c47e16f2-936f-4bf4-9d8c-71df52696c09,Jim Moon
3a100bd0-ab1c-4ab7-8711-7f3128e249c6,John Lowe
a570a173-b45c-446c-bbe8-6d21312ce498,Ellen Henderson
e06a93aa-fe02-4391-b95e-5224b6150a21,Savannah Nguyen
1deb6370-dcb9-4ba4-8793-d0df9d2c1510,Whitney Salazar
0d8114c8-3e6e-4aa3-a2c0-b50bae43a75e,Megan Jones
30d811c9-3d59-49e0-80b9-3eed43c0f8dc,Joseph Mejia
798d1416-85c7-49e0-992e-04cb5ceaa3b7,Heidi Jarvis
f88ae147-4376-4861-a110-4739818f09b4,Joshua Smith
5e60ba8a-c33b-4516-ab0b-652956974940,Stephanie Navarro
ea0c25d7-ffe1-41ae-b441-0506edf608f4,Elizabeth Perry
b789b760-f0b3-410f-a039-9ba9000b3015,Kimberly Evans
8b3740cb-d905-44c1-89fb-68e84e6d1fc6,David Byrd
a6ab42c2-1505-4b0f-8fcb-0c949873a398,Linda Johnson
f3d35d41-ce64-4ced-92c1-3cf07a64efa6,Miss Jacqueline Green
5e1a9343-dc56-498c-ab29-00ff8dcf51f8,Ashley Anderson
3dcdd5c5-626f-4926-a935-cc94a5486c43,Jessica Grant
34787fa0-2beb-4de3-9f0a-afd15756f37d,Lee Hill
de87d621-1abe-4200-a040-cc58850d3048,Brandy Harrington
6918bba2-4462-4c36-a01b-79b3b74d3a6f,Angela Hebert
f466d129-e1ba-43a1-9275-d875126790e1,Stephen Mercado
cd8996f6-8dac-4bd6-b64a-89f2c960bfed,Michael Ford
e974b9ae-1320-477b-a0d9-f537e9a6f16a,Thomas Watkins
a6e68eed-bf37-46c8-9b34-46c27851c39b,Erica Walker
b833c2b7-9e33-48b6-a8c2-d17a93b15bb8,Melissa Sanders
c0a87d68-48b3-4a9f-bd6e-324b07906f04,Nichole Garcia
f887ab62-f76f-48d9-9941-93833c942824,Jessica Hernandez
872024ca-bd36-4a99-a2fb-2a739e9ffbe6,Michael Rodriguez
bc436b25-8816-446d-b975-0aa2452757f9,Michael Leon
5b543cdc-d6b7-4e58-8ec2-b3548e088e2a,John Miller
f0777692-ab53-4778-97c2-b060e2fae436,David Oconnor
e9c0ea9e-e8de-4a56-81cb-b1041921a10f,Lynn Ramirez
6d5eadde-0abc-4aef-9a57-54170fc01dd6,Brian Sweeney
96850737-5193-4288-ac7f-5f3ad797fc1d,Brandon Lopez
58d292d7-51f2-4866-9ce3-e745d3830837,Ashley Martinez
459cde3a-d101-4cae-8fde-cf3b400d9286,Michael Rodriguez
72a8de75-cfab-40b4-b479-92f7d32b33bc,Maria Moon
ef6ba40b-d124-4e08-9d4f-4c34d67d7774,Christina Gonzalez
88a55c53-85db-4e19-97df-bca906090084,Lisa Martinez
44126342-62eb-4480-b717-1e55d46a3df8,Amanda Castro
20e0a559-699d-432f-8595-2780a48873fc,Kyle Evans
0e6f4f80-9474-43cb-b718-46f0c98fdfcb,Melissa Lopez
e6829fa7-dca6-4dd1-b31f-01a246cf8403,Gregory Werner
9408be8e-06b3-4d5d-9b43-5f920cac3f16,Julie Dillon
638ee117-aa44-46a8-beae-1ffdb2680580,Nicole Curtis
638b7f9a-f5cf-46a7-9ff2-9beb5bcd79b4,Thomas Martin
0eaaa36d-37d1-4abc-8495-589bff17a0ee,Sandra Duncan
32a9349a-17ba-492c-a201-217de650e0e4,Steven Flores
feaaa09c-addc-44c2-a523-c0fc2e23a303,Susan Lara
f3756eb0-8f1e-43fc-b703-70927b329764,Julia Henderson
96cfee6e-f2ae-4a47-890b-3c1c16601444,Lauren Love
41869021-d2b2-47f1-a39f-dd66c158e0dc,Alexis Mcpherson
01f34e80-4d9a-417e-aa81-c7ba4a5bb885,Diane Davis
d1f4a14c-676b-4f8e-ac7b-189895cb83c3,John Washington
b74c1253-6c12-4ed1-98d1-4778c380b62f,Michelle Anderson
cbf4f0ac-18dd-44d1-9664-7719084761b2,Diane Hunter
392e42eb-61ae-4f94-923c-37fcedc11e17,John Bennett
563671cd-d36d-4163-83f9-e6899daf35b1,Jessica Meyer
a279ba27-4417-4d7c-9f3e-0ba80fae2ab1,Susan Phillips
e73d136c-9d1b-419e-b6d9-cd36496b514d,Sarah Harris
725bc5dd-b741-4448-a965-e49bf23ae091,Jose Fox
6d484846-32a0-4aa9-ad53-fc34b0ae6bb8,Gary Horn
9b281841-995a-4412-81d9-fc9060a5e7aa,Howard Copeland
5f38cc90-eb9d-4dc0-b146-50948e16bcaa,Justin Barrera
76296a2d-d2c7-4687-a8b8-d3365c689279,Miguel Ruiz
22627b8d-1003-42e0-8f3a-41298e9d7101,Kerry Tanner
36f2f809-892d-4487-9762-da611bb377ea,Amanda Martin
26de0839-bf22-45f2-ae32-6406c0a23ab7,Kristina Smith
58610061-735c-41f3-8a78-0f34b7ad5a82,Cameron Fuentes
1287d114-4afe-4e40-a0cb-ddf23ae7aa63,Melanie Ramirez
d53ff4f8-df64-47aa-b688-3e47ccea624a,Harry Smith
a3b00e19-0fa3-49bb-b788-b174e11ed429,Jonathan Johnson
02cca419-dfa5-4562-8e6e-b3a85a18c320,David Nguyen
1159d8d5-5540-4dea-8059-d27036412287,Gregory Reynolds
c620b687-9270-4094-b4ca-83ea75e52344,Ryan Rose
c541f2bf-f468-4cf5-803d-6b8f170d9354,Robert Mitchell
e4198f8f-2ea6-4c22-9ec0-c11ea3bee0af,Max Daniel
bb7ea49c-f5e6-4b11-9dc2-c07f784e8b55,Derrick Black
0d3d39ba-ffd5-4716-985e-b1faa588302f,Jerry Kelly
f3926812-df62-46d9-98c3-536e91fc495b,Susan Odom
1d5722dc-dddf-4732-b03c-8608e0845413,Amber Lopez
ec67a517-4b62-4643-a07c-e68b9e773060,Linda Contreras
aec73a6e-003f-4a78-8b39-5234106fbebb,John Richardson
d9884b2b-afde-48d7-8f5a-742a027e1692,Jennifer Patterson
0b3ac712-d031-445d-bba4-55e95791b4df,Kyle Jones
126a61a9-5f04-4ef5-872f-ce882d44a83c,Brandon Alvarado
6a837f63-340b-4ba6-ae72-ba5180c4bb07,Christine Harvey
15d48f5e-968f-4cf8-b27d-e1d5bb836f1c,Todd Cook
46c839d1-9004-44c2-bb55-a39a292f1e58,Vincent Carr
98d75f83-c95e-4ddd-bb12-4c1364acc0c4,Hailey Galloway
c9121225-7ce1-44aa-9a24-5b465e24997c,Jeffrey Boyd
6a1f47ae-5594-4f6c-89e7-31d7ee9b8258,Jared Erickson
78ed661d-cb9e-447b-90c1-eb6e60fca56b,Kristin Benson
e3d899f4-dd2f-4cd9-bc24-4e1bb33f3b55,William Reyes
3deef075-060d-4867-ae43-b39dd607678a,Robert Underwood
14420147-9902-427f-aa18-d843c05c44e1,Joshua Harris
56e3c560-490a-4367-9b5f-0aa3669a2bfb,Matthew Love
f47cf6dc-b4bb-45bf-907f-dde3c5539284,Jeffrey White
b3b2b8f5-6bfb-4abd-a1cf-8367a757d8c3,Brittany Brown
8442dbc2-f51c-4aab-96bc-43ed1589bf5c,Brian Lopez
acf653f5-e825-4d11-893e-24fe43a30d5d,Kathleen Fischer
c3b482b5-c6ff-4c26-b2e8-f478d3bed12d,Michael Jones
17a66df3-0aee-42fb-afc0-669f59aaea82,Tiffany Zimmerman
7976c809-5f72-42c2-8353-339a0244b4ae,Mr. Jonathan Taylor
20ffe985-693b-41db-a3e6-18859e238d70,Sara Spence
0eb376f0-02d1-4ada-bbb8-dab70521baef,Ann Yoder
92876416-b7ac-453d-a3cc-e9b50b97298a,Jeffrey Bailey
723a8c94-65e2-44c3-b4aa-95a61b71ba16,Kimberly Mccann
b7a924d1-1317-40b0-a4d5-4b96c0a51f8d,George Shepherd
c172d0dc-859e-4a51-8f7c-2b83be24b22e,Luke Bolton
7b6ef05e-24e9-4e15-a8d5-044eb2a315d1,Melanie Riggs
d0b364f1-fcff-48a3-9f85-00b7689e841f,Joseph Sanchez
640754b2-12f5-47b9-8eb5-a30cbfeb3667,Nathan Howard
1802f9df-e76a-420a-8f98-85ce15b0b714,Robert Cortez
83841b1d-b214-407d-b9c4-a634923d83f2,Autumn Lee
688aa759-2b68-478e-9b58-90776268bf51,Jean Young
8b305a3c-9611-403b-b702-d7ba4a48e260,Mr. Jeremy Cameron
0b618686-69ac-485f-91af-362253680631,Joseph Griffin
584b7981-f2a6-4c77-8a8f-cf43c8da7d47,Shane Cole
f91be5b2-e0bd-4239-9aaf-50064e3d638a,Tracy Munoz
3f99ec15-fb07-4a83-ae75-21c5cc393ba7,Madison Austin
f02bf275-0df3-45e9-a583-11ac211dc89b,William Oneill
f05695e5-cc05-4214-a639-faeff510f8c2,Richard Goodman
95ab5de1-68a0-4cf6-9ce5-36eedc00f1ee,Alex Rosales
61902e05-036c-4a2e-a455-67fcb3496feb,Cindy Adams
71210171-7186-4f62-ab73-5dc7f8a05a82,Allison Young
28c30876-56a1-475c-bbc8-a4c73921b6bf,Andrew Hicks
eb6e084d-bfce-49ef-b35c-48773b1e5a20,Emily Dunlap
4b8314c1-76f2-4a88-85a7-3d9ca8a02a59,Julie Johnson
fa18da92-1f39-4ddb-8270-47f90caa958b,Savannah Nelson
07c0c998-00bd-4281-99be-0356507c22b1,David Sharp
cdaf1390-3b44-4b45-8de7-dcc0ebf695d5,Douglas Burgess
5fea0565-7c65-471c-ad98-1a639fb45791,Thomas Williams
0a94cf59-86ce-4fc2-82ff-5f8268432132,Stephanie Thomas
b998109b-4810-49e6-8a21-0c14292675fb,Diana Rogers
88981839-49a3-4020-adf9-585df1288eac,Wendy Tapia
43dbaad8-8be6-47ad-b523-db21d2ea4fa3,John White
214e240b-2697-4f64-a995-82190f578fcb,Sharon Johnson
1ec4fa78-6bc6-40be-ac13-8b740588a68a,Victoria Edwards
aef9b49a-900d-45d5-92e5-14f2ee7c2630,Shannon Yoder
be66f0b4-df3e-4db3-8130-1178af3420bb,Michael Hall
1664d8ca-092d-4e57-8fb0-aebbe32b61b0,Jason Beasley
faf391ca-0a5f-4373-b055-3ec9bb49eaca,Christopher Torres
67ac78b9-73bd-48bb-9c36-3261391eac75,Daisy Johnson
48ab6e21-d27f-44f1-87cb-4a03ed2d097f,Nicole Russell
8ef6811b-3c89-4088-a745-19713a3a1b56,Pamela Johnston
3c37a877-2a59-41b5-819a-0e7c737d82fa,Alyssa Martinez
977b8515-21f6-4004-a524-8514d19ae9e2,Michael Santiago
96595a0d-e810-4210-8925-ddfacc56cdbf,Marc West
9f71f4f2-f599-424d-81c2-ac7ab350df8d,Jeffrey Gutierrez
e7f415a5-9da4-4506-8caf-e741230b8ae3,Jerry Wilkins
eae5d7f1-478f-4aa6-a2fe-eacd19d635ba,Thomas Burnett
4d289db6-9e06-44de-adfa-8b58a123f713,Jill Smith
1f2d515b-3367-456e-a50b-e964521b9c97,Dana Wolfe
4d8f8e4f-40f8-4bf8-9489-51da7e85f929,Maria Fields
18f1cff5-9989-431a-b20a-d45c59ca6a94,Maria Garcia
1e0247a3-be8e-4e24-b5cd-bb2793bb95fb,Manuel Mooney
1db79c5a-f59e-41b1-8517-c25674e21de7,Amanda Watts
e6e510df-d57a-4cae-8815-325025a33bb8,Steven Robinson
325f426a-7103-4bb6-87b0-f7cf3da1ee36,Bryan Thomas
e34328a2-51e8-43d3-b6ff-b5f91d73e84a,Donna Garcia
19e9432c-d728-45b7-a0c9-b2215a0529f9,Michelle Williams
e35b5cb0-f062-41ac-8853-139b5017b2ea,Jason Gibbs
0726d017-3931-4ddb-bebe-d0987cb7f4e8,Zachary Holland MD
05b1e825-b190-48b3-9073-f5ac349cf58e,Alejandra White
ee7c26f1-edbd-4676-8de6-06a1ad999a37,Michael Khan
f990069d-0774-418e-9390-cabfb8b61893,Johnny Lynch
8ead28ba-433b-445c-9ed7-3838d9502817,Kim Gallegos
dfceba2c-cc6c-4456-b4a1-2db5c4ab50a8,Kevin Diaz
c54f6ee8-a086-4bba-b673-21fb16b0ed45,Christopher Smith
6fb4a626-d2c9-48c0-96af-3dcbc2c7bc44,Dillon Coleman
9d0a3ca6-6c1e-49d4-ac6f-4ee259ecf807,Courtney Martinez
0053a914-2269-44f1-996b-4be47c9fe60d,Sherri Hernandez
aad7d401-ccf6-439d-93de-13e5d28d805d,Alicia Huerta
22bdf75b-99e0-43b1-b987-56537b31f68f,Jennifer Castro
b6035fe3-ffc8-4ec9-8663-0476d1962f0d,Kimberly Coleman
94f60f72-c2bd-4240-a3c8-7eb7f4bb2651,Gina Bradshaw
954af2eb-3a8c-41ac-a404-f06adf83c8ad,Stephen Smith
de9ef277-b322-4e53-9392-3c32a6e60a0f,Brandy Dennis
aca48f2e-e114-4d16-8a1e-3223a72329c4,Douglas Coffey
f0f61979-74ba-434f-9367-0fda0e9548c7,Gina Kim
a7d16326-dc4e-4f8e-a77e-2a7c15a7c47d,Daniel Kelly
5298073a-50bc-4aa8-8696-91baecbeccf1,Katelyn Warren
e71a0ebc-4c9e-41d7-9b3c-9177acc43f4d,Mark Jones
3fee1275-1444-4f31-b782-2ebd712547d0,Connor Jones
5ff30137-6c5e-4557-a1d1-c89dabd65542,Elizabeth Lynch MD
20ee6af6-04cf-49de-af3e-c818ced41e0a,Kim Porter DDS
88feb9b7-fa84-45d7-a1b4-d57a4b6d3960,Michael Morris
22d1ecc0-ece0-483b-9026-354d96fd26da,Benjamin Jackson
dace2360-96a5-4f23-98af-6029647cbc51,Michael Davis
e065a36f-62ed-42db-9209-7771ea18f6d1,Joanna Hodges
1729136a-882c-4afe-b8bb-8184363cbc5d,Jacob Brown
826eb90b-4e0f-4b19-9c59-9014d07942b6,Alyssa Martinez
f1c292ba-cd58-4612-bcc8-26d569d3b5a3,Sabrina Hall
b0c1ddbe-e5fc-4f4f-a66c-f242936020d8,Danielle Anthony
f162f36c-24d1-4522-a4ff-5b32fe2f639b,Mindy Wagner
78b469e0-5a99-43fd-94cb-b6ea7ed8a40d,Larry Roberts
e929e61e-8de1-4ccc-adaf-a44d1fbe4fd3,Paul Gomez
e0073988-d9ed-49b3-a77e-e63ae607f1f3,Louis Davis
b3ed083c-df34-4938-aaf5-1b602b597248,Jason Callahan
688d5673-f6a9-4f4f-90d4-b9e1c1c09031,Angela Liu
306b90d7-dbde-4ff3-ad24-137255367462,Brian Cordova
5b09d63c-c514-4a8e-984e-a9247d0e0205,Scott Ray
a7747fc7-e399-4b61-b10a-f095cab7470b,Daniel Schneider
92a0b1dd-e19a-4e67-a180-c1c576652d0a,Sharon George
9f58fddd-8cea-4d96-b4bd-6c359b59eed3,Rodney Berry
3496e63a-defb-420f-b9bc-9790b58e1e6d,Dustin Martin
65604813-80a2-475b-b5a9-8c69c0d728c8,Martha Johnson
01a505cc-015d-4949-b495-0a980deecafe,Richard Lee
6e2b075d-4ea0-4efe-b302-40ad7a1d54c4,Stephanie Campos
42a2fd1c-e9d3-415c-9bd9-4880ee4e78a6,Mary Ryan
5d7681b4-c89e-494e-9abb-ad06dfd3de74,Ryan Lewis
5a7feaaa-f1bf-421f-a5d0-a8af9cc3651e,Steven Williams
39c36745-9a22-4bb8-a115-929eefc54180,Angela Compton
8d612e14-213c-4991-bb21-c2d9daee47e0,Stanley James
25b52f79-4a75-4fef-b4f2-84336598b74d,Glenn Lee
34eb5a43-8cd3-47f9-a619-feb307537817,Amy Dixon
a859776c-af13-440f-8920-5b963ebc2b78,Sarah Miller
8004c6e1-76fb-4d29-ab1b-1cadd3e697d7,Carla Murphy
89df9348-b403-4ba9-a07e-a7c646d2d24f,Henry Flores
c4b54b93-9cad-4dd9-bccb-dc9b494d3bdd,Christopher Cain
0f10acad-b506-4d62-befc-8119ce4cf1a8,Amy Johnson
3e179f87-3f58-43dd-bf32-499dbed9f2c4,Jacob Ortega
b4f6e0ac-2bf5-4728-9b04-a2086c1fa403,Kathy Nichols MD
1076a5f3-6286-4ba8-94ed-ae0b62682a92,Emily Hall DDS
42d5c242-a384-43b7-a72c-a12e7d1f0cb0,Anthony Jimenez
6b9f9d71-4937-4591-83c9-91065504559f,Kerri Wilson
4d603043-ae8a-47df-8349-9bb3e0f30861,Emily Butler
642663ed-9523-4c6c-abea-4452ecf57f1b,George Ortiz
b7f3064d-e82d-4967-a45b-a3747bbbc6b1,Stephen Solis
ddf78bfe-84ce-4bef-9fa3-d3d5330098bf,Richard Holloway
0dabe7eb-b541-4b75-9272-3bb0ba808090,Lauren Rodriguez
14a16ef5-0820-48dd-b87c-773ae8b748a9,John Farley
ad741045-fb2d-4b5f-9a1c-7c2112afd362,Susan Taylor
541daa82-2fbc-427c-a83b-14134ea96774,Kevin Mcguire
b4e0505e-9328-47ee-baf4-5aab4397e308,Dr. Tina Thompson
f676663c-dc3c-4ce4-8532-e6ab49ff856a,Ray Jacobs
8a4afc87-60a7-496f-bd03-6ad500a6590f,Lisa Palmer
37ba250d-b86a-4d4e-99b4-41fa4e154b7f,Robert Skinner
9cfbc9b8-85f5-4ca3-9cae-034371abb300,Jeff Brown
fc6eae35-b321-4a4e-b691-c2405d2a4386,Allen Harrison
3a57acff-1633-4f59-a4ef-ff208804de63,Michael Schultz
2936581d-0e74-4fa9-a9ae-b064c6d8d449,Mary Owens
b20239ec-66f9-4e62-9d58-edbf9537df18,Dylan Dickerson
8c7651a7-7338-4c88-b178-64e18164bc16,Chelsea Blackburn
625f0811-ec46-46af-b220-a641144d7b70,Stanley Crawford
8657c838-0a0b-487e-a455-dd153105b3f4,Renee Clark
3e3f60d9-86a9-4508-91f5-fff299d39ce1,Paula Craig
766c6a05-7299-46c9-8e95-2803bf678888,Jonathan Schaefer
35c54b29-963f-47c8-a25b-3c579dc53f24,Lucas Fields
8a6df23c-f26e-468e-8375-4f8706d15358,Kyle Saunders
81086cdf-4adb-407d-aa72-62c85c36b9d9,Jennifer Sanders
873f56fc-73d4-4ca4-969e-6dda7b15a13f,Donald Smith
971fcc24-198e-4275-ad2c-588aea5147e0,Christopher Wilson
8236a21a-b593-46fd-a773-f4672fcd6014,John Hartman
acdd7736-7862-48ea-85e4-4c5250868f04,Christina Howard
ced33a95-64dc-40d5-ab64-a6e0a2d23d7b,Kimberly Lewis
449681d1-01d7-4c8b-99fb-d630edd98e59,Ashley Smith
8de24559-ef18-44dc-bbea-795580a436d7,Steven Walton
61aa427b-b7f6-4e7f-92ed-eb5e904804fb,Shaun Berry
b3160ce7-4fb3-4f80-8800-29133af2ea51,Brittney Baird
c77e098f-2115-4161-8ddf-807a75b842ba,Brandy Mcdonald
f0b78582-2a5b-4de1-92bb-537659d3bfb9,Logan Livingston
e6428505-bc61-4533-b34a-7a1eea65c37d,Erin Murphy
6b468555-1020-4706-a64c-ac7f544898df,Kelly Kelly
323a3270-3d75-4b61-b80f-eda97703d1d0,Michael Harrington
fdf98441-ac27-4309-89e8-945d0f41c655,Christopher Pope
dc444435-2255-4919-b841-0323c1b4854b,Christina Williams
25679acc-2c66-4a92-83a6-1912970d319d,Jean Rosales
5406cdb2-955a-4396-9e6e-fbba0e1d48ce,Ryan Cain
8064a6c0-23d9-4eac-b748-359bb9b56058,Mary Smith
fb66b5ea-0108-4c84-a28f-774832241411,Nathan Webb
0f79565a-f599-490e-81b7-5cb0db7a5807,Tyler Spencer
5c9cbb31-e70e-418c-838b-5b1d66589e77,Steven Hall
ab014602-00d6-47bc-a615-67c9779c6cd7,Brian Bradford
4bbb3139-0943-4f9b-8da2-d1459e19e9fd,James Lopez
750fb7bb-29c6-45d8-87e9-7bd6b37939c3,Melanie Cervantes
5c848f3c-41fb-4cd4-b582-39fffd262ebc,Sarah Yoder
d5a2850d-9b67-4902-811d-e9dc7c3a1f2c,Jordan Atkins
5358f315-51d9-4084-80e8-afe9fcdc980d,Mary Mills
4ed19f8c-badf-4bbf-8c16-096fa01325d2,David Thompson
a23a5e7d-53e6-457c-99c5-28d6c0e9e44c,Kristi Washington
9d8f4295-6a89-44a0-8bd8-b5460ddc06b8,Amanda Hill
e19184ff-1111-41ea-a91a-75b9d71b975b,Nathan Cox
8f83de94-694b-461b-b31c-37a8ee9be5cd,Amber Rush
f66f8af6-e232-48bb-80cd-8eb841c013b1,Carolyn Ramos
c5780e8d-d09c-40bc-8350-cd48a35d3974,Mark Chan
308a4c71-b307-4349-b2d4-1a03744894f8,Karen Obrien
41d4ee73-4186-41ef-948c-96a5421d11b1,Brittany Morales
8e585a85-aa3a-4066-a391-fe3593306f19,Brian Fields
be5fa64f-925c-4e45-bb35-f5b306bb60d0,Allison Clark
2fe399c8-a51e-4a88-90f0-d6056fd85e05,Michael Murray
6c805284-aba0-43fa-ba1f-3bcec1c5a941,Thomas Peterson
e79ea63f-677b-4138-9f37-689fe816092a,Kimberly Wood
858e712d-1720-4206-b362-2214e01d8446,Mr. Alfred Reynolds
8437cbd6-a9b3-45fd-ba29-d6b873a80be6,Michael Davis
52bebce2-f757-4b2d-8718-8471797f235b,Laura Callahan
360087d8-fcb3-4a4b-8bdd-66da597c0089,Stephanie Dorsey
a1db6c17-548f-4d6d-841e-86cda77b5c3f,Colleen Johnson
5550ac40-0e64-412a-86ff-909abfc1b657,Elizabeth Shea
278cf93e-3e83-43db-b6f7-dd9a2d2b70f4,Andrea Rice
dca02266-2a11-443c-aa48-af60b7767fbb,Lindsey Ellison
07454698-adf0-42f2-99d4-04f5ef99d463,Michael Bryant
0150900d-6b47-462a-9f72-85ea53eb87f5,Pamela Davis
9e59c58b-df77-4039-b7c0-79524060dacd,Brandon Perez
58f73e74-7e1b-4834-b838-28e1b43f82ac,Gloria Huynh
7a0f8185-6f89-456b-8913-e513f63eba2f,Karen Howell
24bbd84e-e484-4eaa-afc1-393ce2b86714,Allison Oliver
c0df3501-1c9a-402b-9962-27827fd10b68,John Jones
dfe6e12f-460f-4e0b-adb6-20cb558a6fa3,James Maxwell
824b5605-92af-48ec-9cec-98c4b116308c,Dana Ballard
1871dd4b-5e1f-445f-8cb5-c46d3710831a,Kathleen Sawyer
f1585572-bf78-4d0b-bf02-4429c2a269aa,Ashley Washington MD
3ac8817d-0367-4e01-8de9-5c8e00360012,Benjamin Gilmore
720ecf69-944b-4b2f-bec0-a13b13fc24bf,Michael Lyons
7d2bc3df-1ee3-4f2d-9a83-6b8cda7cf861,Shawna Knox
0a800bfe-b255-4b57-8802-50b65211d356,Alexandra Chan
74b2d7ba-708c-4021-b32f-9dd46663c8d9,William Garrett
9b61c2be-8d53-4ff0-a043-3ef01439d6cc,Danielle Griffin
49e85e39-2c0c-4c1f-a66a-5adaf3bf61e2,Jeanne Morrison
afd1eaf9-4666-48cd-8ca0-0fc7c0c2d682,Christopher Smith
77c79b2c-e4b6-4f86-bac5-745575204c63,Rebecca Roberson
101734a7-653c-4cb8-a114-165f9fe1caec,Bryan Bell
c53c734e-4658-4686-bc1b-e66089105a5c,Shane Barber
58dec5c6-a071-4cd3-b1b8-88d0869a377a,Natalie Hunter
b9ea9619-9c0a-4ccb-b3f3-a3c376390fd9,Heather Mason
110ff326-9813-4a3d-a044-9a61cac57c85,Matthew Rogers
7feb5f6a-94e6-4f0b-8ccf-36062a35201a,James Gardner
2b6be340-e78e-4e56-a31e-40a29a2a9506,Brandon Fisher
abf19316-c4d4-4cf3-b27e-453c2f5d5679,Chase Garcia
18450a31-59b9-45f0-88a1-6792c7152681,Michael Flores
5638ac94-bdb8-4071-b9b1-81ee21bad1a0,Susan Meadows
93e948c9-b870-4e3d-a959-491e4de819e6,Richard Burns
eded4a24-93df-4656-98b2-6816e7ab99a1,Heather Monroe
df03a308-97a1-4edd-b900-148e75331c9d,Robert Young
4a795690-8dc4-4c54-ad2c-c8f46c0ded4f,Sherry Thomas
cddf4043-18db-457b-ad21-db83dc474854,Mark Smith
441cd340-5cb1-40bc-a4a2-e1bd24683c73,Meagan Robinson
7e79d530-b8fd-4379-a14e-fbab3b7db95d,Adam Rice
ffa550df-0d42-439b-88e3-9afa52a50c54,Jeffrey Barry
db5948f6-6121-419f-be2b-e9d719d920ae,Shawna Williamson
da8696e6-9529-4903-aa2b-31b67c8cb0a6,Erin Lucas
c9b59ad7-f128-4ce0-808c-3d2633f128d8,Jaime Wood
a8297dfd-8608-453f-81b4-aefac5ac3fe5,Scott Young
d9c043a3-8e89-4603-8d66-eb32bcf3a685,Nathan Mendoza
475222ca-bda0-46e0-8e00-f7b491d2cf81,Emily Bennett
70414230-f8f2-40d0-aabf-daa541c2e226,Tiffany Scott
cc237ef1-340d-4765-877b-451cddd2267d,Kaitlyn Branch
96a2daec-4e54-4f38-bd5f-7009ddeaa966,John Weaver
89581617-1ad3-49d2-835f-365673eba9d2,Jennifer Martin
1d9e579c-0987-4916-aa76-f7cb552fa97e,Scott Chaney
7bb24931-9cfd-476f-8735-8eed3350c736,Jodi Mitchell
c6c28675-3b63-4b0e-a318-76d12f555d33,Sue Bailey
ae223f5c-62f0-4bd4-b06a-bc0cbfd9bc79,Daniel Marsh
efa5aec0-331f-451a-a5aa-5af5c59b46c0,Ann Dennis
c51aa04e-ebb5-4c3b-85d5-2a8f37f31de6,Cynthia Frazier
504f9f84-7900-4de7-bac5-72625f196cf2,Matthew Walker
9c5aa1f8-6a92-4b18-88ea-ba509c0a2f34,Colin Campos
6390cf04-ae26-4cae-b87a-e2fb7949d718,Michael Mills
6cc7cd93-3168-4acb-913f-2f6e0677f453,Ashley Porter
54a03013-0ff9-4e63-831b-04153b75eca8,Jeffrey Lopez
351fa8c5-6c64-4da9-9b17-218cb1509624,Marissa Greer
51c63893-c0a5-4f88-bac4-5fb1f2556a3a,Jeremy Cook
439797db-304a-4eb8-a1ce-853a503983d9,Tyler Hicks
12637420-ab21-47cc-aa2c-40b2f511c7d4,Joy Peterson
1b310316-c647-4c69-8a4a-08e184cbad67,Maria Cabrera
