,id,name
0,7772fd50-2758-4e07-8a13-50a69a45cd26,Gerald Odom
1,3b7cdf1a-79a1-45c8-b527-6d2025eae238,Rodney Gonzalez
2,0fbc97a2-fde7-434a-a17b-3fd8f393dc98,Latoya Harrison
3,181720a2-1827-4c6b-8ae1-94a2c9373ab3,Tanya Craig
4,4746317f-c3d5-48a6-b9e7-f58e81e37857,Alexander Burke
5,5d5c3ebb-3116-4937-8f01-fb12ac830a8c,Lisa Ramirez
6,3d2e8bec-31d3-47e2-b9f6-9efb3e7ea3c1,Stephen Archer
7,72050592-7f06-4a58-823c-c3ea3060d8b5,Edward Ortiz
8,c1db2b1b-a0a2-425b-9f85-6a82640e11e5,Vanessa Coleman
9,b13ab604-b706-4092-b8b7-9157566cbc60,Jesse Moore
10,01909f88-a372-4dee-b0ff-a52a7b6a6543,Adam Rowe
11,e9eb0192-d18d-4832-9eb6-43138c1719d7,John Lowe
12,151ef524-5931-44d3-932c-a14f54c8f4df,Richard Holloway
13,b90cd707-03f4-4a60-8fc8-6a62274e0c49,Henry Zamora
14,4503a063-3cfb-4f03-b90c-747460d3d536,Courtney Harrison
15,587676a8-e253-4ab1-80fe-f59ba040523d,Jessica Thomas
16,767b3854-140b-4cb1-9035-e766c20e418f,John Larson
17,5fb3c3b9-f5b6-419f-afbd-43dd33b130bb,Jeanette Johnson
18,e21831bf-ed91-4355-9cf3-a715ccac7410,Judy Alvarez
19,f82e757c-761b-4a1a-8868-e2220418e7e3,Shelly Benitez
20,593194b8-5af5-4ca8-b051-5015728b7e12,John Marshall
21,8da2463c-561a-4901-82fa-8e5582baf748,Robert Lang
22,0a409613-d48d-4595-b10d-ef50a4f8e3ad,Sandra Norman MD
23,72f80153-3fb0-4576-a5de-e46f19f055fe,Christopher Cooper
24,151ddf6d-2a0f-468d-9b59-532e5f964032,Scott Smith
25,e858d409-fbc3-4566-a36a-dffc2d1d1c05,John Gilbert
26,eb8bf8eb-e0ba-46e7-8fae-2a470bfe0ece,Tracy Gibbs
27,18550930-b072-4258-ada3-1ac15bb49d63,Gary Kirk
28,148efc01-4509-483b-9934-f739ed0d22ac,Christy Acosta
29,620d6cb3-320a-4b82-8617-40e085e4bed2,Ashley Roberts
30,30a9cfb1-e93d-4042-aab6-55da71fe94f0,Elizabeth Montgomery
31,3809d370-cffd-428b-919a-32fbd3d0f9e3,Nichole Brown
32,5400f733-c413-48ca-a50f-189b182c437e,Melissa Davis
33,abfa7431-eaf1-471e-902f-a6625b090718,Lauren Love
34,b99580d2-83e9-4230-8e50-e37d9dced03c,Karen Obrien
35,bb36dfea-2b39-441e-adc8-d8756fef9505,Benjamin Thomas
36,1b079daf-c190-4880-869a-04194ddd7fe4,Kevin Martinez
37,adf4e196-f7e2-493c-b648-b592cf2c6dad,Brian Johnson
38,e6e160b8-5209-4db2-bc8b-6e1106eabe36,Casey Miller
39,fc0d7872-519a-4dc6-b55b-02987209d1a7,Lawrence Clark
40,9898cdc1-9408-479f-8637-a70d178ac502,Sharon Sawyer
41,743a5545-6ea7-4d76-b0d7-8bc5c516b9ac,Melissa Harris
42,4001ebf4-3101-47bd-9067-46848a8e59bc,Joshua Mann
43,07b970bf-9f42-48a4-b2a5-22287bcbad05,Christina Roberts
44,599a85f7-67f4-46b0-813b-1f9713b18f88,Ruben Bennett
45,32520568-8cf9-41fa-b0ce-4b665755c2aa,Leonard Jackson
46,77c9eecc-b387-4240-97da-dcbd0292bf40,Emily Bishop
47,ff739470-8f06-4f95-8b45-e45aa142bf74,Steven Williams
48,8a1eee32-9250-4d1a-8a44-b30a602ec06a,Elizabeth Ford
49,12222ab8-e4c6-425b-82e1-d28944395dbf,Larry Ward
50,cbb77af6-fca0-4530-b6d2-b0facc657b8d,Shawna Hill
51,4b66557b-9ca1-4a96-be9f-15c1a8dee456,Stephanie Quinn
52,aff4f072-cab5-4b88-9827-0300ecb49670,Michael Walker
53,456e10fa-cab3-4d43-909c-f7990c99e4f1,Leslie Cruz
54,06f8ac51-d842-4c5e-a604-aad16da41d27,Michelle Herring
55,726ea64e-ce32-4d17-bc76-e4d6b18f7346,Dylan Carrillo
56,37e2e547-cba8-4f16-a584-026037813cc5,Ryan Mclaughlin
57,6d2084b9-1eca-474e-be40-4bda7efc8fc5,Matthew Bryan
58,b6ece7ef-7e64-4884-a941-a4939dafcac3,Julia Henderson
59,9a5be856-7521-443c-88d5-bd8afc07c346,Brandon Shannon
60,b816f233-1130-44cc-b241-4be3780a55fe,Blake Matthews
61,eb728af8-1d80-4fad-a53f-a3845802ecbc,Rachael Hobbs
62,ce189a40-ac87-4b52-bafc-b411145ccdda,Jessica Valdez
63,71606e4c-4543-488e-a807-2c85fbc64d56,Kristina Snow
64,2283c987-7b0e-4159-aa3c-283ef46fada5,Kyle Martin
65,6f0ea4d1-d193-485a-9a56-ddd47590b901,Ashley Patterson
66,d4bd4d3a-cff2-464d-a3fb-d321456634ed,Jeremy Shannon
67,79a7b80d-f737-4e31-903b-755ee61b1c28,Patrick Shields
68,c0700bba-039a-45da-8297-98f7633d823a,Jessica Richard
69,b23787b1-c50f-4a44-8aaf-5a4cc6798f0e,Matthew Young
70,69b36dbd-0dce-443d-bf25-8be313c89950,Nichole Garcia
71,3b9736e7-6b19-4b7a-b9af-72693a5c81a8,Nicole Martin
72,f3e08d8b-ccd7-42ae-bd05-ec5cacdd2d60,Mary Kim
73,ae8d87fc-402e-4366-9ad6-624ac303fa96,Robert Skinner
74,7aecd614-e311-4020-96e1-07626c185a4d,Todd Burton
75,186c01f8-cda3-43e6-a864-1061c4ef31d1,Barbara Ward
76,507329ad-06fa-4bf8-b0b0-fe0c82c81fb8,Cheryl Campos
77,a12acc22-322a-4246-a99d-7f9776fa46ef,Devin Clayton
78,6766e8a4-c178-462c-abe6-2766c73f1872,Michael Acosta
79,f0339773-fb9b-4763-b436-39c2797757f6,Christopher Brown
80,5cb8775a-a187-477c-90ce-a450d80bf522,Robin Sanders
81,56bceefe-e850-4b40-94c7-307ac4f34121,Mary Dunlap
82,582aec5f-4fab-4ebf-8493-e559e76ba392,Mrs. Hannah Figueroa
83,401a24b8-7315-4fc2-92d0-56aa6faed28f,Christina Rollins
84,377009ac-9372-4097-b2ed-ec12dcdef73e,Andrea Moore
85,4d695cee-c27a-4a94-bc56-f779fc1364fe,Christy Rios
86,3cd8365d-757a-4c49-97cf-e4d6ab7911cc,Mr. Brent Ward
87,eb7f8572-a018-4729-8e8c-01796a50177f,Jason Richards
88,86fed3bc-ec09-4837-bb8a-a9210ae33ddc,Anita Pierce
89,548d0ed9-3999-4139-b3a7-c4657b291132,Donald Diaz
90,1e613168-f956-403c-8f14-23c4f0a993f6,Christopher Villa
91,b51e1b63-9a14-4ffa-b5e9-574cccd01a6b,Gregory Hayes
92,3512e674-8b16-4819-95ec-c38ef60c5add,George Cline
93,35813204-992e-4582-8bc4-b2e5aebb3ed9,Alyssa Martinez
94,787cae4d-7213-471f-8707-460aeebbfb51,Brett Allen
95,49a1fbd0-f59c-4014-8c1c-642c80420fda,Brandon Parker
96,ea7db196-c427-4a6c-9cc0-9adace779df0,Ryan Austin
97,c1c139f7-b28d-4cb6-9d0c-fbe02fe1291d,Kristi Keller
98,28fb168e-2197-4b28-a933-7f5f09c46241,Michael Carter
99,361a6e26-e6ef-45ff-800f-322a8a2ce8f9,Susan Lara
100,9a23a1cb-a3e7-4a05-a9be-9bf536793143,Terry Obrien
101,a141695a-4aff-49d3-b01a-60f4616ffb2b,Jonathan Johnson
102,3b7989df-c3f4-4c41-b407-9cc633b818b6,Lori Butler
103,b70fcb43-aad4-4809-9ef0-84b81f918968,Brad Williamson
104,6749f4c0-8bf3-49f1-8ad9-7d2a842a7619,Sarah Hunt PhD
105,369ca2c0-9a4c-4aac-ba05-b6c0280880ca,Jessica James
106,ae9eea61-1ed3-44cb-999f-7359f164b5c0,Julie Barnes
107,265f2201-0d0c-4d1b-a360-d48d1d053694,Kathy Harris
108,a17d52b9-3712-44da-a095-0dd2169d0857,Tiffany Turner
109,d99c51fd-6a0a-4d0d-9ee6-8b63516eaa7c,Brittany Barrera
110,87d2cec8-23dc-4942-b408-c07b595094ba,Michael Briggs
111,524d14f2-34ca-4a1c-87a5-f91a67ab919f,Mr. Matthew Meyer
112,4c5aade1-107d-471f-ac80-9c93cde340b0,Jennifer Manning
113,58eb936f-5096-48e4-a535-a34cfcf0d0d3,Andrew Stewart
114,0f135fad-db97-4506-a747-d1691a440755,James Stuart
115,e6e35d08-12b4-4a99-a705-3753ce1085f8,Kenneth Nelson
116,266f9de5-a0b3-4edf-8898-ebdf7898a909,Sara Potter
117,6f089a7d-d531-42fe-9cc4-b80b5ab63be3,Dustin Clarke
118,5ae569ca-ed21-4859-a938-2cbfefa0accf,Johnny Ryan
119,70061558-d2bc-4ff3-a166-5f07c21c93fb,Lawrence Mclaughlin
120,a58b8474-6bca-4443-bcca-6dbf3d959889,Kelsey Miller
121,548f6c6c-458f-4811-9051-dd37430453a9,Charles Johnson
122,02f02e35-00b6-430d-8165-93a8ae8d4ba4,Bonnie Jones
123,5adafc74-bae6-49a7-b7ae-1a20df80045c,David Cooper DDS
124,115ea68d-9f13-4d16-beea-9396e6e08660,Jeffrey Love
125,d62ab7f9-3715-40ab-8ee0-b8e75227dfb4,Ernest Bowers
126,0c1834fa-2b0c-43da-94c0-102d05b460de,Alicia Webster
127,f4dae70b-f527-4677-aba0-2cfe3a37d285,Karina Zimmerman
128,0285ab51-b9c1-41d1-a50a-5932e17dc25c,James Thomas
129,1584ae7d-d554-43c9-bbed-b3ac8a1412b1,Emily Barnes
130,070b7b77-71f9-4c5c-b973-118d222262ec,Joseph Fletcher
131,753e9dcf-f141-4749-ae4c-bf1f6e0f2964,Alison White
132,135fb7c1-ee67-4cbc-850b-2677debc7fed,Ann Yoder
133,946fa839-8328-41ea-86b3-d772b08fc37c,Tanya Anderson
134,aef989d6-1dd7-4886-a78a-f8ecac6cdd5d,Louis Walker
135,97f0b4be-b8f8-4a7d-b45b-13b5cdfaf1c6,Christopher Schmidt
136,89d4b998-cad3-48d7-8c06-c83c94a03b0c,Christian Mathis
137,741fc8a8-721a-458d-8161-6b534c46fc88,Alexis Graham
138,02272eb9-8d43-4518-8482-8e05b5d83963,Larry Gilmore
139,64edae19-666f-4fc6-b4bd-77dba6968ab3,Carrie Wilson
140,dae8074e-5ddf-4231-bf9b-e28c0738ccc4,Bill Owens
141,918b8907-9373-44fb-98e2-33e05ab37cf5,Bradley Shannon
142,5e88771e-d2bf-42e5-85fd-a741cfae688a,Kaitlin Hall
143,6aed2f82-fa2e-4fd6-b768-b09fb394f2b6,Nicole Bailey
144,01e0ba09-814c-44d6-a75e-3726fbda9d0b,Brian Velasquez
145,7e5faee2-ca89-4ca2-afe9-81092bebb1bd,Alexander Garner
146,6d7bdd2b-4464-4d0a-add0-dadaa791651d,Mrs. Megan Scott
147,214cde01-12c5-49b7-9deb-1bc1f7da51bc,Dorothy Schultz
148,564e4b65-74ee-4b4f-b3f6-d8018d358aee,Michael Gallegos
149,6e2c867f-b08c-46ca-8dae-2a6be294f73c,Lisa Martinez
150,29181e05-3995-4f5b-a192-add074723868,Holly Johnson
151,19a56954-dcb9-4629-916a-893beb0d0040,Christine Gonzales
152,5a2c287f-e11f-48df-ad1a-fa127fd851c3,Kenneth Wilcox
153,806a6700-f838-4bbf-a80e-f84f53b354fb,Megan Wyatt
154,ae58c9c4-7eb0-441b-bc74-c8593cd80944,Charles Waters
155,74104102-642a-4190-a423-c5748085d22a,Darryl Green
156,5f1b6316-09d1-4c20-968b-fac87c1a4f4b,Mrs. Shelly White MD
157,43dd1e97-d47a-40de-8acd-c327cf41997d,Connie Collins
158,d287e811-736c-42af-88ab-f1206bb91ccf,Seth Frazier
159,60cb97dd-d840-4a28-9ad3-cd12a2f02ff0,Paul Marshall
160,40a7d799-b067-4a4e-9bd8-323a8cf7a884,Scott Reyes
161,8f15154d-055d-4fa0-9854-a50baf925bd7,Andrew Perez
162,b0bdb016-191d-4e66-b009-1da624051846,Stephanie Anderson
163,43e63348-f24c-4e76-a846-f3ec458c991e,Kathryn Day
164,8d07bc42-7fae-4616-a674-a2629b108c07,Deborah Morgan
165,a2633588-691b-4df1-a5f9-cfa18f46bfda,Carrie Abbott
166,8e379c99-87c3-43c2-8fdd-2cbc31761900,Teresa Lambert
167,9ce8d99f-44b1-4f36-bf5a-f70d2849a0ce,Elizabeth Miller
168,65e7d212-66c0-4881-a712-b4469f9f6f20,Michael Conner
169,562a8018-cac5-45a9-8334-b30f1e07ba70,Mr. William Baker
170,47f5e9c0-0f72-4cc7-860e-2e076ffa6a57,Charles Oneill
171,b950f2dd-a639-4d1c-b764-4c966b86c853,Kelly Kelly
172,5af25755-bb4b-4851-9d4a-a8ec81bbb5c9,Melissa Roberts
173,4b83d823-ed69-424e-8ecf-34a84c7f2f8e,Kevin Hardy
174,68f65efe-181d-4673-8e93-43cb858312bc,Melissa Lopez
175,c0120ffc-59e6-4d44-a3fd-b2bcb2ba955e,Sandra Ibarra
176,cda2b3a5-3ea3-4fdb-b8ef-81cd5d75f0f6,Justin Taylor
177,92a5ed64-7f01-487c-a127-c55989ef2c4d,Mr. Clayton Kramer
178,c01503ab-0bb6-444a-bfb9-ec197633c397,Martin Cook
179,379c60ec-f2bc-4a97-8681-e8d4513e74bc,Dr. Matthew Hancock
180,ce32f76a-6a7c-4222-b444-580ca13ba917,Kyle Johnson
181,b4168675-8c02-4297-8395-16ab60ddb12d,Kimberly Jackson
182,33ca7919-1832-419a-ac0b-a41c7cb32661,Daniel Jordan
183,dc83c5c1-2e3d-4847-9e12-953b3627a90c,Peter Ross
184,1de877a8-33d5-4554-93fc-13bc10bf8546,Catherine Navarro
185,e3c66f67-10d7-4e8a-b191-588b8d850a12,Alyssa Riddle
186,cdfa1139-00b3-475e-8848-3b3f20f3d792,Katelyn Alexander
187,398a0c9a-db8f-4cf3-8a5d-05428bffe3cd,Paige Lawson
188,8d2058da-d499-4913-a727-27d2bf6804b6,Bethany Baker
189,e71b7e33-1d27-49da-9e01-4c9d68853773,Amanda Hodges
190,2de5b1ae-5763-447c-a321-5e582b4c1672,Marc West
191,cb52e657-5152-4248-8561-655a1433b9ae,Kyle Evans
192,65043df8-b41a-43a3-a91e-d4add3a24651,Erik Gordon
193,d1b1ff86-3071-4849-b358-0f8afa67ddd1,Kelly Palmer
194,9c3deb8c-dbe7-4326-a927-c531fe997c06,Diane Hunter
195,a1c3cbeb-daeb-4f12-b31e-5adeb127c71c,Diane Davis
196,b9e30954-19a7-4b65-afbd-2d2801a97465,Charlene Robinson
197,b12fe56a-5468-4207-bb4f-ffe548d01667,Douglas Burgess
198,efdd83b1-37be-43f2-830a-da74bbc22b4d,Troy Henry
199,02672842-060c-4656-bc2a-cea9ef5f589c,Kayla Brooks
200,93044ebb-d618-4640-8bb6-474b7bc0f296,Dale Colon
201,c9817a90-d944-4db1-b42e-e006a782e82e,Christina Gonzalez
202,9937700e-9bcc-4d0f-b29c-c06a9934127b,Kenneth Hudson DDS
203,bd2f5f4a-5a3c-4938-b203-5b78fc7efb68,Sharon Smith
204,97973476-76fe-48e3-92b0-b9bd7cdc08c6,Lisa Lopez
205,a87a3879-7fe3-4f9b-86c9-49ee36e24df7,Robin Vargas
206,3aff0479-f1ec-4d58-923a-e6386c3f02c6,Corey Calhoun
207,4b74db22-55f5-495e-bca8-17935072d054,Michael Cobb
208,fd58094c-8155-4128-a8f1-c6b022d1b2c7,Martin Barnes
209,24c42fab-ceb8-4d40-842c-ced84f43433b,Cynthia Owens
210,4cd39e22-4329-47d8-b536-253ae92edc3b,Michael Figueroa
211,76fb306e-8792-4ec3-859c-a422725c8d41,Elizabeth Chapman
212,0f182971-786c-411b-8122-98c160532b19,Suzanne Farley
213,0bde0078-b919-4345-8f0a-a5845e3fa0b3,Erica Walker
214,c838243d-ebf5-4d95-9546-68dfef8d3060,John Mcgee
215,4790b47e-f298-47f5-9420-5ec206b6a4af,Richard Martinez
216,c68b0a54-7742-43cb-b1a0-db517b2d35d0,Pamela Lane
217,6de7e8bb-207b-4e7b-b142-839e81ffccae,Justin Barrera
218,8c727785-929f-4908-aee8-a902bc5d1ca3,Stephen Barton
219,cddd5961-19b5-4dc1-9087-2303b3a04aeb,Barbara Jefferson
220,3d469d32-5688-48e7-b19c-13f5a283de73,Gary Horn
221,9609ef64-1198-475b-903d-7c7a5bae288b,Yesenia Mcknight
222,12d95279-328f-4e26-aaef-591d2026c89d,Shirley Kim
223,3279a57f-4591-47d6-b664-2a8af15102f1,Dillon Jennings
224,4d9298cb-f014-44a5-a5bf-7f4748b0beb0,Douglas Hill
225,fe3d0d41-e85e-48cc-ba95-ae698ef8717c,Lynn Ramirez
226,ea9bca94-7072-4afd-9abc-360b5e602c0e,Heather Ritter
227,f488858c-4285-4fcf-a65f-e5bded5a4c1e,Katherine Griffin
228,a412943f-507a-448b-aafc-e4377b09a5df,Amanda Johnson
229,f06d78df-4e21-4151-9d89-c01077553d85,Rachel Graham
230,113bbf91-81f1-43cc-ae03-3a060bcf7df0,Stephanie Williams
231,1f8b12fd-8a8a-4639-80fe-b5148e7fa333,Ashley Lam
232,368d57bc-1948-402d-b505-f7f1172a341d,William Valenzuela
233,e03b41c1-9582-4ff3-b20a-a76c2146d2e5,Brittany Daniels
234,f0c080c3-67ca-4b0a-855d-77f8778cc54e,Vincent Clark
235,9b5c39d7-1f05-43a3-b6d2-fb1d58c0223f,Jennifer Erickson
236,9691df93-9697-4299-b532-b3cceeddcbcc,Michael Meza
237,426492ec-d430-481c-8b86-7ee739d78c32,Diane Marshall
238,e78cedc0-a08b-43bc-9b39-9f106a764fc5,Leslie Conner
239,007ae961-6bbb-41eb-b05e-01c92790ae10,William Kelly
240,99178e68-03c6-402a-b38a-b4868ba2a500,Daniel Coleman
241,75f10822-1baa-4851-b8ad-346558e54e47,Melissa Wood
242,de200c9e-e506-4d8b-b615-6f63ab9eacb9,Sarah Harris
243,5253c91c-c79a-4bde-af10-c5bb08c278bd,Timothy Navarro
244,9c711d09-455d-41f5-bd64-2a1f928e70fd,George Garcia
245,de7fbdae-9d3b-49e0-a21a-a5eb0a3977a9,Joshua Henderson
246,17139c12-2d1d-44c9-81b5-1aeba704d4fd,Danielle Weaver
247,e7c3e7c1-cc08-4d1f-b3c1-86c1ce0841f1,Amy Ford
248,66582642-1285-471a-b8aa-a4ca20278762,Cynthia Alvarez
249,d22d356b-e229-4fc1-9393-3ab08aaac038,Carolyn Moore
250,2bc64e54-4abf-411c-a3b5-dbe735d254c0,Zachary Holland MD
251,ef435942-8321-4fe8-ad1e-3121581890cf,Michael Bryant
252,cb164071-b62d-40b6-bb4f-903be4383913,Cameron Martin
253,01feb2a4-5f00-4538-99df-31c4f4d83ae1,Patrick Thomas
254,bdcdbb42-33ed-4ef0-a5da-ef5927a29c77,Connor Hernandez
255,05135270-393e-4a32-b854-5ae6e260be92,Natasha Wright
256,42a2cab2-c0b2-437c-ae4c-f2d942917af6,Ashley Santiago
257,0fab7534-6327-4c3c-9111-2b16aa4bc2bf,Jade Martinez
258,0b035ada-3ea4-4602-a477-fc0fe56ea0f7,Nicholas Mcdowell
259,eb8935d6-21e0-4414-b728-692084c05bb1,Ann Morris
260,02aafa45-239a-4095-a2ca-d9d7781d2943,George Moore
261,74487c75-2d36-4bdc-a263-ab29ef8f65a2,Susan Mann
262,6dde4ad5-d9b7-4bda-bcfb-6ce48479b0f6,William Davis
263,201fc91f-45ef-4435-9743-2f8ca9bb256d,Stephanie Carter
264,125ea016-bf19-4de2-bcf1-8a96afce5e79,Robert Torres
265,790661b3-d9e0-4432-a4c4-6b1aeec3f46e,Rhonda Gomez
266,ca7f81f8-5cb0-4bb3-aff6-0c85d268ac76,Kenneth Lynch
267,480c9510-cbc3-4166-ab77-73282a472e34,Martha Pineda DDS
268,2bd997f0-fc7f-426a-bc98-c6a101537072,Melissa Sanders
269,d2f63903-6c42-4934-a270-08923327601d,Katie Ruiz
270,5162c65d-93d6-4c49-80ba-2cdcd698cc3e,Alexander Johnson
271,93850438-fa34-45a6-b50f-b7d2b0b7ded1,Kevin Marquez
272,d6900641-8722-4c8c-8599-8a9df97064ac,Brandon Hill
273,e4eabcc5-590d-401c-9cdf-7992801ab4bd,Kyle Mckinney
274,82e7ab9b-7c53-4905-b230-70cd8f69d774,Roger Carroll
275,3a033553-9760-454b-8dab-08d83b68671d,Stephanie Hanna
276,6a25cba9-4c47-4dc3-9016-d0916c0f2a4e,Brian Clark
277,bba585ba-4d25-4b4c-bc78-4965a28e52a0,Andrea Randall
278,699857d3-a344-4b1c-a491-88b021cb892b,Christopher Hall
279,669b9ac0-e686-421e-a7fe-c3129c755d10,Lori Williams
280,104feda0-3f86-41cb-ab66-82a63135c800,Margaret Bass
281,704dfc41-1c84-476c-a7e6-cab4659c73e2,Michael Ball
282,0d6de095-f7ec-402c-9f92-212505917000,Dr. Chad Chavez
283,802190e0-dfb0-4d60-8b5c-c48f9a988341,Timothy Young
284,afda80fe-bb48-4ad3-861d-8912fb5c5dfe,Ashley Bradley
285,2e13f644-192f-42f0-90fd-e99db7bf8538,Thomas Houston
286,c7c25b84-19b6-421d-85e0-0625aa5ebfb0,Christopher Hart
287,3db5994c-955d-4896-94a2-7d22e44ef629,Sandra Dixon
288,d9766c32-e738-430d-bf2e-23df4faaec37,Jessica Taylor
289,a75c6843-9301-480c-99a5-3f25159599e6,Brenda Miller
290,4a613483-3ce6-4d53-9947-a940cd235b78,Denise Anderson
291,61334373-0d9b-4cec-80fe-86fdb008202d,Mark Taylor
292,4183f733-be9c-4df5-a703-d2fe5d1d37c2,Angela Hebert
293,f0d17385-82f3-4694-8fa6-c7ed1bb93d0c,Nicole Jackson
294,23e9850d-4262-4fb3-b9de-0622cb87030e,Miranda Dixon
295,cca27c05-917e-4429-8106-17f2ab0f5862,Gregory Werner
296,137ea69c-bb31-45eb-a29a-db4ea40c0967,Kevin Graham
297,cc31c537-a19b-4573-8d29-42128425ab32,Lawrence Brown
298,2ce9bd87-8e5a-4e75-b2cf-27811fc6b369,Jose Fox
299,db5eea39-a95e-4c96-8c22-52fe1214c5dc,James Jordan
300,d9174e38-45ad-4258-95fe-589237cb2360,Cindy Adams
301,3741420b-e7db-4ed2-b17a-178d59b1bc6f,Jenny Harrell
302,374976c6-9ed2-4446-828b-000ce0033845,Robert Phelps
303,2c87e4d2-678d-4345-b126-4a68fea8ba32,Crystal Serrano
304,611fcc4b-6cd7-41ca-9a47-9c67476b11ec,Sarah Ross
305,44b15869-3831-4fb3-944e-40b3085152dd,Jonathan Arroyo
306,9248a281-8cf7-42d4-8fe8-807c21da84be,Daniel Edwards
307,1c2f5fdc-29fb-47a6-8595-ef502d88007e,Amber Lopez
308,84f87f48-b79a-4b39-9980-054b2d789ae7,Richard Lee
309,f2d25a47-c501-47e8-ab86-eaaa3532999c,John Brewer
310,553b1d83-372b-45b7-a796-7197d226ac7d,Rhonda Small
311,917c9025-a294-498a-b51d-444723f9325e,Destiny Tran
312,7d2a870d-0d47-42bd-83ec-68e729efa25d,Angela Moyer
313,1fcbef4b-5b23-41d6-ac5f-c960e59a35e3,Kelly Bennett
314,ffb51420-e275-444e-beaf-72571e180619,Lisa Mason
315,54500dba-ef84-444b-80f7-cc3cf68f241e,Garrett Black
316,71230c3b-0681-4046-ae5d-6ee5a2a85ea3,Pamela Peterson
317,01823fb2-202f-4c55-a397-40bc20af8150,Stephen Young
318,79e011cb-e80e-4bad-a7ce-91d69ee071fb,Lisa Pierce
319,4527378d-6249-4c56-80a8-9ccab06c7a88,Michael French
320,493ec3f1-813d-4b1d-b84b-463d170bf2f2,Jennifer Garcia
321,3b4812fb-91aa-4bc3-8e8f-6ab317be56c5,Carlos Leon
322,367d15ab-d793-4d7b-8702-c031df0f8452,Brendan Hawkins
323,c13e1420-3ead-4076-a493-3af7b38fdc26,Dana Smith
324,67db4372-6ddd-469b-b455-36b2cb329cc3,Matthew Schmidt
325,b90d5cc7-0c21-4393-96f4-40e28678753f,Hannah Davis
326,11cc2d8f-0ee6-4806-b19d-286d17e5ff63,Derrick Brown
327,d5b49bc0-aeba-48a1-8057-34296e3b03ea,Dr. Melissa Russell
328,f1021645-6cc8-4e17-9d6e-4f4aa5818868,Jacqueline Morris
329,1af83422-e19c-4947-a29f-714b1551466d,April Curtis
330,5afe6878-ab10-4f72-a115-4a227ce56e64,Kevin Jenkins
331,3f25a6f8-b558-4783-8a73-3144430aa47f,Tamara Hinton
332,4b6cec6c-89a9-45b3-a622-8e2172079d69,Dawn Williams
333,4bc2a2f4-e5bc-45c5-95ef-1588735d8113,Jonathan Bennett
334,6c473ce1-0d7b-479b-8d40-8635d7e36a42,Dillon Flores
335,94d2b52a-df68-4166-ba78-531754857c17,Miguel Ruiz
336,c014a7c9-1437-4089-890d-b5b75f71ce63,Maria Cook
337,10c96668-1f7d-406f-ab24-b0ae1059544b,Ashley Ross
338,11636eec-d061-47ae-b148-a1343cdbddd3,Amber Franklin
339,09b243b0-374f-4008-a248-f6c33f68ac13,Melissa Martin
340,308fac41-5f48-48c0-bf80-3d97743e8d38,Vanessa Howell
341,6753a573-3807-4aec-9f21-5c0a766e3d4f,Stephanie Nelson
342,c60f0cff-c07a-4c53-9e33-32c3b514d497,Monica Shepard
343,4eeaf950-92b3-4b9c-8fd3-9bc1c401acb0,Kimberly Wilson MD
344,242cd7cb-993a-4372-9af2-21530ca30ca6,Jeremiah Smith
345,b3e86c89-21f4-4906-9aa9-ec3335ad587c,Ronald Jones
346,453aee84-3c34-4440-9d8a-b2a5363132b6,Brandy Ford
347,964716be-b21a-4849-9da2-8ff3701ecfeb,Emily Brown
348,4fc0b943-47f4-4ce4-8485-b96a4d90df01,Troy Hayden
349,a90d11df-9ce8-45ef-8dbd-5504a8725495,Amanda Nelson
350,944f6dea-e5a3-44e6-a500-ccfd6185e063,Christopher Pope
351,c7f1a225-04ab-4ac2-967c-162caee4929e,Kelsey Walker
352,aa943b49-8ef8-4334-b9f0-b56456378db7,Elizabeth Cole
353,899eaed9-7bbb-4f75-81fc-a072b920a3c7,Paula Garcia
354,2cfba65b-0826-4132-8ee6-3a754a1a71df,Maria Nelson
355,5d9339a4-b106-43ed-b2c6-7a6bba01ef81,Joseph Heath
356,0de3354e-3b4a-4afb-b794-c7c2860e521d,Shawn Burnett
357,202cab8b-ed52-47b2-b260-308be49a599b,John Weaver
358,6d3ae867-35b2-4433-a83c-33f6f273148d,Cheyenne Briggs
359,7e3dc39a-d933-4f1f-b0e7-250add861488,Linda Snow
360,4411aa78-7ea4-4e0a-b647-2082bd889d7e,Darrell Cox
361,7b31ca2d-cc19-4825-a31d-9e48cca260d7,Clayton Brown
362,ae162459-d59b-49a5-bda0-b82b04f8fa57,Larry French
363,f24f835f-b461-40ed-be15-e9f7f1291d64,Linda Thompson
364,423dfeae-6e29-48f5-a521-08bb9b475cae,Stephanie Dorsey
365,a045cb54-acf4-4b40-848e-5dd210873ab9,Jeffrey Foster
366,a36842c5-80e6-447d-9b6c-270bf20b6907,Amber Reed
367,c74a3faf-73cf-479a-97a2-c015710ac03c,Jonathan Schaefer
368,4dede129-8cc3-42b9-a10f-684b7a9ee8eb,Nicole Bishop
369,796c9de6-ed2a-4642-8e19-66d5c5e83463,Kevin Arroyo
370,c0912a14-4b18-4489-8b18-e8be4318a477,Emily Briggs
371,349dbb2a-a6f4-4954-a147-282e1c31ab09,Sarah Smith
372,f574d197-da7c-4249-800b-dac5a13f3867,Casey Howard
373,88fe29b1-2cb8-4bb3-a39f-111dd0ba8d3a,Adam Murray
374,a5382cac-f547-4d1c-b277-b07e3928e82b,Edwin Marquez
375,4c73c0e1-91a2-42e5-bafd-d4641e284b34,Katelyn Warren
376,ee70e3ce-21ec-429f-8fd2-2a920aab2e52,Ashley Lewis
377,48c7b3bd-33a9-484b-89d1-f93b9c771b54,Jon Rogers
378,904cae75-7906-431d-8758-1da3127527d0,Nancy Jackson
379,b377abb4-4e23-4aaf-b8d2-95685f8cfd6d,Jessica Cole
380,cbfe0a03-5512-43b6-8e14-8f3b568373a0,Madeline Smith
381,faf34eaf-b39b-4ddf-86bf-859d18a25016,Anthony Jimenez
382,7bf409e7-4d2f-452c-82e6-2da131d0bc33,Chelsea Schultz
383,cfa14ac7-b894-49c4-91aa-355bbb5bc63c,Michael Flores
384,c8fcdaad-523b-4f34-bca6-ea2c8ee02bd6,Dr. Ryan Wright
385,70222b75-9301-4114-8e65-dd2209997a65,Amy Roberts
386,bff3b14e-cf80-4c9d-a53e-d2d809589b49,Matthew King
387,a15efb3c-6167-4fb8-97e3-163a00b83618,Julie Wyatt
388,814dc4a9-bfe3-497b-9806-c338787e8e42,Mr. Jonathan Taylor
389,7df99fed-fa39-4123-90ad-fd3e666a6771,Christopher Owens
390,e0a32691-3f89-405a-9a46-d15cb94b272d,Carrie Johnson
391,c0f8d004-6528-4fcc-916f-418965498c80,Corey Mueller
392,7ecdbd69-1480-4b25-83b8-219b5b3dc463,David English
393,7288d4ed-31c2-4241-9c42-42395082cc29,Dorothy Arnold MD
394,8089850d-851b-44a8-aeca-0a8cef55bee4,Dominique Reed
395,2db243ca-63e5-4882-a4a3-d7e78a202c00,Patricia Webb
396,ca050cc3-4dc6-458c-a39b-8af803b8dfbf,Robert Riley
397,1ed0ebbf-3acd-4a7d-bea3-7daed19c458e,Christopher Smith
398,69ae2c06-b6ca-4c61-bcbd-332e99acc01b,Robert Underwood
399,2852be49-e620-4a57-b576-163b14fabb16,Justin Perry
400,96b39bd0-a797-41ce-a765-3f830affb55d,Katherine Martinez
401,04eebbb6-8ead-46ee-88f2-1df1f7aff93d,Luke Bolton
402,250b0527-0b1f-4b27-8208-e7ecab836d06,Miguel Evans
403,d7032079-1ea2-44bf-8842-5ba31c4a7f23,Matthew Henderson
404,2deb3ebc-76ec-4521-a886-80b5e6a8b4fd,Melanie Cervantes
405,71e71e70-a261-4d69-a81b-7cd579c71f1e,Mary Ryan
406,499a274b-d3b0-4679-aeeb-3ef4af644e9e,Brendan Rodriguez
407,7e2a2a5d-1b49-4ed6-9eec-bdff05f01db9,Zoe Graham
408,02868c3f-5954-4fd8-93e9-0a0407207498,Brittany Hernandez
409,b0659bf6-5402-4163-8b64-bc7ce24ccb1e,Daniel Kaufman
410,9f01b0be-517a-4c01-9aef-6259b5db6ee9,Traci Patel
411,050704cb-3f36-4e28-9fc1-254779a23a64,Amy Johnson
412,92473c1c-08ca-4295-9129-f385d700cb1a,Margaret Hart
413,f1cfc521-6518-45ca-a8d7-7b11a5e6cc37,Christopher Smith
414,69e8a780-0cc4-43e5-9156-13800563c90b,Robert Mitchell
415,2571e321-68b7-49fd-a94d-17c37800e8c8,Emily Hall DDS
416,71cab470-a22e-4945-b5e8-4ea55c7dee82,Henry Strickland
417,5d2412e4-61c7-4751-bba9-99fdf1d5b58f,Jennifer Porter
418,5b9e6c63-b936-4698-a6da-4a6ff4e74933,Sarah Hatfield
419,70e6013e-7844-4226-b088-322527d2f783,Samantha Mills
420,680bda5a-1c3c-4f21-80cb-3b5e292ea405,David Thompson
421,423f2df3-d1a8-4cea-8f06-6e46bc645a87,Stephanie Sherman
422,7ac8de51-cf11-42d5-9fc4-3bbfa7d69b6e,Walter Allen
423,61437012-bece-4da9-85d8-7efba7b40fa9,Edward Whitney
424,4c086a27-abba-4777-bb28-919f6d13ba18,Michael Davis
425,7f952c6d-ef58-426c-b3ed-26e80a614115,John Jones
426,dc16b072-364e-4c27-9bc8-fa344fa4d0ca,Derek Brown
427,f261e4ad-3380-4cdf-84ca-73249da6e0ff,Roger Campbell
428,253c8783-e431-4fa5-81f2-ee27329b9d78,Harry Smith
429,8a942cef-23a9-4300-b35c-238b3c0d13cd,Aimee Oliver DVM
430,bf21e9ad-11f1-4d8a-9169-de971eae0077,Tammy Patel
431,b8f3ffa2-decb-4c64-85a8-b96c6a194a3d,Leah Miller
432,b2a18774-3628-4981-b783-5b1e68635401,Eric Mack
433,a08dbdb6-4828-4c85-88f0-f3ed0057ad44,Kelly Lopez
434,1d99850e-a8f2-4967-ae49-8c2285b33e84,David Hammond
435,fa078860-65bb-46ee-b492-f5b204463d50,Kristen Acevedo
436,8e14af64-5cbc-467b-ab8b-03d6834509b6,Joseph Robertson
437,a42b3fd8-685f-4b08-82fb-439d61cfb572,Kevin Booth
438,bfd29b63-9bd4-4ece-9571-cb608fcf6795,Jacob Mosley
439,b18e1b79-18d7-4e11-a54c-4391ebda1fa8,Christine Harvey
440,e7e7217b-6c1a-436e-8773-066320202b41,Ryan Wallace
441,82d3c9fc-a3c3-40c5-9736-478c7d3be095,Timothy Ferguson
442,4cbf6865-2242-4eff-bb91-7aca8f8afa16,Patricia Williamson
443,70f48b3f-5dd9-401b-a300-236b5437227e,Richard Jones
444,205eb284-dfe0-45c2-a51f-187d725fa4d3,Kathleen Hudson
445,0b20a7c2-6d92-4323-896a-1a289c66e3ac,Jonathan Herman
446,c0bbcfd5-d1e6-4595-a5bd-b4fb58182a03,Charlene Henry
447,6f456658-85ce-415b-9b02-eb198c9b4b05,Tiffany Bass
448,cbbd485f-2fc0-48db-a3a1-9fbe2fcaa675,Kevin Mcguire
449,bc757975-d765-452d-b7b5-909b402c549d,Shannon Yoder
450,2973803b-77f9-452d-817b-9b455f74323f,Teresa Murray
451,7434a1f3-1846-40e4-a05c-7cd1982a6378,Grant Poole
452,c9a4d350-5a16-400a-a22e-f4d39fe1983b,Connor Watson
453,490e5421-a815-4bbd-bacf-c54de6af5a31,Jacob Ortega
454,279d477f-6d0c-4025-96ed-e55d64a96f1a,Maria Phillips
455,766fce14-0a8d-49e3-85f2-a8c00e123b7b,Derrick Black
456,717807df-f6dd-46b6-bfe8-f516b190eaad,Jared Erickson
457,69c390c1-9841-4bd8-81fc-000ef80b3d0a,Paul May
458,d55f2848-3805-470e-b417-39e3b30d5c8f,Jennifer Manning
459,57de8da9-f3b8-49a5-a781-b3b018f93ec1,Katherine Lutz
460,507f89f2-e269-4fee-aac9-9e19584ac017,Julie Johnson
461,018c1813-0bf5-4db3-b91e-67d60dd2831f,Jennifer King
462,9666d2cd-c4cb-4c95-99d9-53785ba9c7dd,Steven Williams
463,e9f1658f-05fc-4f00-a42b-88eb67e5a8c8,Sonia Barnes
464,3fb9bbe3-e4d9-4d86-add5-bb1514fab36d,Chelsea Blackburn
465,9dd68c24-ac6f-4a16-b4ef-1c239abdb79d,Jessica Lynch
466,de330dee-4a74-4f3a-b56d-cbe689b42e5a,Samuel Vincent
467,68d7bcdb-4ab1-4920-8a23-f5414b0d689f,Melissa Gonzales
468,722dfa8d-5a25-4a77-8d7d-c310f4ee2461,Benjamin Rice
469,b7ec3e7d-b963-43d1-b6e6-7ea267bebf81,Matthew Love
470,91bf1d84-2a70-413b-b765-a4054bdc177a,Caleb Wilson
471,084feb5c-2f59-44bc-b823-2e0beb833666,Susan Hernandez
472,131d667d-d93c-48c6-bbf5-2a433d23a700,Michelle Olson
473,200c7c58-982e-4c74-9068-bc1c45dd3ccc,Diane Vazquez
474,a18be795-39a9-4629-9297-b38bfb41da6c,John Roberts
475,ab1e9345-c6c0-4d8d-89fc-1ada46b3f06c,Daniel Monroe
476,5079dd6a-bbcc-402f-81ac-bc7b6907a99d,Emily Liu
477,2e7f7742-b609-4e6f-b8e1-02249d088dd6,Paige Gonzales
478,ddc16efc-126c-4ad4-8ed9-40ffa26611e7,Madison Mann DVM
479,c33843c7-2e7f-46f6-b13f-e637fd19fee3,Alan Cruz
480,73a2933d-f536-4236-a10d-682bfc6ca31f,Brandy Dennis
481,3b63da6b-2f68-4450-a3be-64f2e3a36609,Brandon Ford
482,ef4d5740-01c4-45df-a732-8a974d0abbe1,Jessica Duke
483,aca0dd17-b6b9-4953-80bd-9187f1254397,James Lane
484,c7a10949-1995-4f3f-a641-f4dd8c0bdfc9,Brendan Atkins
485,1b55295a-1731-4fe5-b368-a3f0181529ac,William Clark
486,eeef139e-6904-4106-ab4f-f0e80b4ad24b,Amanda Wolfe
487,80d6411b-311b-4ff1-9c26-4aa8434db624,Scott Jackson
488,ece6f0fe-a043-45ac-a7b1-1f2d769258c2,Peter Green
489,aa12a7a8-aec5-4e30-9bf4-2815752a0b7f,Stephanie Price
490,6243c3d8-2225-4c37-bcc4-0fbd939e5b3f,Shawn Williams
491,129da65c-7e38-4ad8-9c40-a7b36b2a3886,Kimberly Mccann
492,751c342a-5b09-4ff0-b3b6-9d184c3ffd00,Richard Lawrence
493,8040d48d-6c6e-462b-9778-b151559a6990,Amy Charles
494,af6233be-5907-4712-a165-03ee1405451d,James Mitchell
495,f39dcf8b-5d49-4d4a-8ca1-f19229daa80c,Manuel Price
496,ea3bf684-fee2-4d34-8115-ec3a84a7f727,Wyatt Carter
497,f055a576-f62e-4967-b8c8-51cf8e432935,Mary Ellis
498,c2f18fef-9ab3-4410-80b4-da7f318a761a,Sabrina Hall
499,2dc8f36d-0c2b-4c0d-9c8a-9b0dc9bacf78,Jerome Martin
500,8c7ce75e-4bbe-4a12-8766-e32b1e70ca17,Gloria Huynh
501,aa1b0c34-f75a-4f95-a202-1867020c3e4e,Natasha Thompson
502,e62e6386-8ec9-4773-b161-0012c6ea6424,Katherine Wood
503,ada4e2e2-5fee-4e42-8240-dd0721b4bb66,Anthony Allen
504,84393534-8216-467a-9bc4-94f9cf3a7b0c,Charlotte Davis
505,a397985b-be9e-4f7c-9d48-9d2ab5c9f9b5,Melissa Vasquez
506,fa904175-1d46-4540-9f2b-69409b7cd144,Corey Rasmussen
507,86df0e86-ec61-464a-b55e-f046341fd69d,Rebecca Bradley
508,ee407f5e-948c-4206-9a4f-502229b364b9,Michelle Williams
509,aecfc971-53fe-4766-8249-0b8e1f906d4a,Carrie Russell MD
510,b4efc016-4071-4a7a-830a-c102538233d3,Chad Garcia
511,a303405d-082b-4173-b946-cbc98d5c25f2,Tanner Collier
512,965e56ce-148c-47e7-89a5-b740dea4cd5c,Angela Clark
513,f5f11196-eb70-47ca-934b-94e132f36ea4,Richard Jones
514,c05f6a31-25ac-4577-b987-44390ec93b1e,Sarah King
515,465772cc-01b2-432f-826f-68a1bf98de92,Jeanne Morrison
516,66000e64-a73f-4882-a460-df0fa148052f,Matthew Sullivan
517,f40a6154-93b7-4802-be72-dfe9e4ef7e50,James Robertson
518,9e837911-1bdc-4e0c-873c-8b6d695caf13,Chad Willis
519,d97b8104-e98d-48ef-9189-7f1ff3ac7ab2,Deanna Kennedy
520,4b423cd3-3e6c-42da-a0a9-621dc374eea4,Tricia Garcia
521,c40f5df1-94eb-47f6-8991-f523e217bef2,Lisa Aguirre
522,95505537-98f5-432c-96fa-dc56b6926cd3,Rhonda Ward
523,a954cdf1-56f6-442f-91e9-cc47cf5658f9,David Freeman
524,27c2e51f-2aa8-4cfa-819e-eb476a702d68,Jeffrey Ball
525,ca001587-a106-4c65-8363-df6a2e56b658,David Black
526,270d6758-33f6-47a1-9597-060a1080a639,Shari Mills
527,6c1bcf9f-ad89-4c19-be59-87586f79ce19,Ashley Meyer
528,9c615274-03bc-4ae7-8cb1-904a5a40ac06,Raven Johnson
529,516f24af-21a7-40ae-8b9b-68c5bdaee760,Natasha Johnston
530,76a08524-b07e-4b8e-8a8e-9574d6e31509,David Lewis
531,6e1c52fc-9828-44c7-8570-ca8030d78801,Julie Dillon
532,1dc48187-c557-49e3-92b3-281b16640b79,Tracy Powell
533,76687b4b-654c-42bd-9cfd-4b187b5dfdcc,Melissa Wilkinson
534,34eca5c0-b557-4b1b-8734-9ec30d34d4ea,Michael Harrington
535,9469b524-7258-4e9f-9071-b25f60b6e086,Joanna Hodges
536,dffba1c2-9442-4647-a7df-3beabfad0498,Tracy Munoz
537,3dbda46d-03fd-458a-9306-15c756584344,Troy Lynn
538,062a1c2d-92a4-497f-a4bb-8234297fe1c5,Vanessa Sanders
539,1f98358a-77e8-4670-965b-4ad8283c653f,Michael Perez
540,dced0c30-d2c7-41c9-aca8-3a121f75700f,Jacob Brown
541,82ef065b-9261-47f7-9fbb-26b9ce474a62,Jonathan Johnson
542,659304d5-e122-4d74-9932-e23a031056a3,Matthew Carrillo
543,5441ab33-73ef-4bbf-af56-8ed13a252091,Andrew Johnson
544,329f0e10-f4f9-4428-b031-b6cbf5e1e10d,Angela Roberson
545,cb9a6cab-f21e-4db0-a47b-350e7c1f70ec,Brent Shelton
546,387dd43e-86de-4d87-b545-8e1cc07e9443,Ricky Lawson
547,92b369b6-168f-4bb2-8aae-416460bd79f4,Robert Carter
548,6ae88ec5-88f4-422b-8027-bfb6ec261927,Thomas Valencia
549,82ce9943-d08d-4de9-9451-718fb71daf96,Richard Stone
550,5cb4e4bb-97dd-40b8-80f6-1ce49bb7663d,Richard Goodman
551,146ddb08-92cd-4fad-89f6-e2b91381ee81,James Graham
552,a1356b5e-99a3-4499-9cf9-8498547ec207,Shawn Cummings
553,564b1340-3afd-4bb7-908f-4441c6debc8f,Sarah Porter
554,cf72f033-66f8-4366-9e99-937694fe986a,Abigail Wolf
555,696f5fb1-9135-49c4-ba7a-5c25e41b9e42,Jennifer Richardson
556,de7c76c6-6346-43f8-902d-840c84494705,Frederick Singh
557,1332b8f4-8ab2-4a46-a822-bba3fe616b69,Samuel Wise
558,f9a18b7d-1681-4e64-ac43-28f21d9e5326,Tony Murphy
559,eb5e9d29-231f-4574-ac6c-a5ece37a8b03,Mark Smith
560,16f1e75e-61b0-410c-ba94-3f1d768f4c36,Destiny Roberts
561,4623d18a-6f4f-4f3a-bc6e-592c36efbae7,Alec Ayala
562,2e5294f6-6618-4415-a93e-16066193ada3,Diana Taylor
563,356aefbb-75cb-4e51-9352-d84d42207fd3,Paul Barr
564,c5db60ce-ada0-4ac7-a3f3-2fd0389122e6,Kenneth Johnson
565,3b89265c-a85a-46af-a30b-c442956e2193,Andrea Moore
566,cd2bc7e7-5414-4fb5-b5ef-cf1541cc74b4,Mary Harrington
567,0f6a13ef-83cb-4ee2-a8ac-1644250b50c6,Cheryl Jenkins
568,9413c8d9-8dab-4d4b-a815-b9c3f0bd2d88,Jeffrey Smith
569,e6f82a84-d276-4133-ba07-9490950f7a6c,Laura Mccarthy
570,bc0be3ed-f534-4ff8-ab31-7b292824bc9e,Hannah Benton
571,42617e3a-8aea-4d09-b25b-a90fa3254a8c,Brent Conrad
572,c0ceacc4-c020-4a58-8c09-e4f53be13317,Joseph Wilson
573,4e009288-08da-499b-bb73-d531de953c0a,Pamela Rodriguez
574,1307a178-0b7b-4acb-8c3a-f7b2adf65410,Tracey Larson
575,08d291d9-9557-4e03-829e-04106cfc5458,Joseph Pope
576,d1bd722c-0013-4ce0-a0ef-907f047f00a4,Christopher Williams
577,f42b4762-8a73-4240-b55c-46f1423ca227,Jason Parker
578,d7fcf90d-4612-442a-9bc9-142fbbe82e71,Stephen Smith
579,1fb16970-22d8-4165-8ab4-f97f42f7630a,Maria Adams
580,6d1e9a08-37e4-4a3f-b9bb-be3674f51aaf,Lauren Hill
581,33487d31-dc6a-4666-b765-b25c7fbea1a8,Joseph Adkins
582,9d5b4ebc-cd05-495b-9692-7e3744b750fa,Tyler Hicks
583,f0d148ed-f53c-49dd-ae1e-cd9126984786,Omar Reeves
584,ae1a9c87-1e6b-408d-ad7a-61c9b63ccaa5,Samantha Humphrey
585,ec4e76f0-01dc-4f5e-9703-62ea9b08e3a7,Kristin Lewis
586,11dd2614-7db5-4df9-8264-ea96738a064d,Janice Bond
587,3bf36dda-b671-4cc8-8179-9e251c4b9f43,William Garrett
588,622e00f7-6c76-4c9e-81f2-459b8ff66625,Sarah Franklin
589,98317ef5-2c3c-4d31-a37d-5cb29d9a5547,Douglas Coffey
590,f8f074df-35a5-4550-9e93-d5bd5e8e67d2,Paul Thomas
591,bf568627-41dc-48cd-a5a2-24243c069d97,Gregory Garza
592,d94e1dce-61f3-4744-87f8-453b82a72b22,Lisa Mason
593,177a4e19-60e9-4a0e-8bbd-58e358a883c4,John Henderson
594,0e78e63d-40f5-4f32-b02e-e0cb92ecad41,Deborah Patterson
595,98c39e21-399c-4bc2-9d88-29fa69d33674,Melissa Pearson
596,deecbbe9-49fe-42df-8154-51f3c942553e,Michael Khan
597,81bbd272-2b9c-4375-8a55-a615b710b576,Dawn Thomas
598,c8ba215e-6d30-4f53-bc6c-e677649ca90b,Scott Ray
599,e54a31a2-080f-447b-a9ca-74de51e15bde,Michelle Gaines
600,73097b00-797e-43f7-863a-434c4100d64f,Shelby Gonzalez
601,e4fa66f6-c256-4593-aa2e-b08dbb069388,Amanda Bates
602,04a81461-ca58-410e-8ad5-74182a17c7eb,Nicole Perez
603,f323a060-10c1-46cc-b1b0-dfc778450722,Karen Reynolds
604,f27833db-59ca-47ab-8ea2-fef299329c37,Donald Peck
605,b08806cd-a878-4506-9d53-fa7516d249b1,Matthew Green
606,46ffc5fe-0846-4a3e-a69f-f24565958329,Troy Lane
607,52e7df12-5d11-4146-adbd-9a3cd7dd80c7,Melinda Torres
608,a1f86b6d-f006-41f5-b649-bc9fed876a0d,Donald Robertson
609,c3eddf0f-de46-402c-820f-87c2c898d94b,Jonathan Bright
610,117bb179-861e-4448-a251-9e4ad7ab6426,Bruce Cole
611,ca613f0f-122d-4d99-82c4-f51b03aa5fa9,Matthew Jordan
612,ad898930-525c-48a6-ab2e-4e9ee1bc5054,Anita Mcknight
613,986c8210-7f8c-4247-bbda-2ca4941301c5,Eric Francis
614,2cf99bd3-311a-43b7-a432-5dfc2c85b673,Amanda Garcia
615,44260d4c-d6b3-402c-a515-c972ef2c474b,Amanda Castro
616,63197da5-bc21-48d6-8646-a51fc89aab07,Jennifer Sanders
617,ee88e0eb-9da2-4c7b-8997-d3fb2f493006,Carlos Bass Jr.
618,66ba191f-3e76-49d3-a14f-76dc5fb94be4,Curtis Moore
619,c2f25f00-7e36-42c6-8e72-75c5026187f0,Scott Perkins
620,0d0670d3-48c2-4717-ba06-2e4d0651b58c,Kimberly Barnes
621,685ba42b-2d4e-4dc8-b423-0ea774c5dfea,Shelby Ray
622,3669b03b-5216-46a1-9591-1e8ea7cda62d,Lydia Khan
623,d4d514bb-ede7-44b4-8fe8-18d7ea4e80dd,Traci Landry
624,3fca96b7-a1d3-40d3-a93f-c11a93eec8b5,Jonathan Harris
625,92862784-c646-4b40-be6b-6a665adfcafe,Rodney Gardner
626,ff941802-f930-47ef-a64a-7926d9ea0f0c,Bradley Monroe
627,8c564165-f531-4de0-99f3-7fe2f3594eb2,Omar Tyler
628,e4217731-6b77-4828-b910-69457087848f,Stephen Miller
629,cd9c1a84-830b-4873-b6ad-c7b483979f52,Deanna Torres
630,5cf0475f-8a12-4690-b4c6-f1edd900416c,Abigail Lindsey
631,d2975b0e-1872-4c0a-bc4e-ca58f1d3fe98,Scott Jones
632,70feeafe-7d73-4e27-8df4-6a9c0a447500,Patrick Richards
633,75bd55d5-8104-4425-acb5-94b3d3784e6c,Ronnie Anderson
634,94e938b9-2e75-4474-bacd-21f1b8c453cb,Donald Thomas
635,83707bd1-9e9b-4a3e-a388-f0856e296b9c,Michelle White
636,e6741a42-0aab-4501-8880-e8089dc1d0f5,Lisa Snyder
637,39c3ebad-831d-4b25-b1e4-9a13fc087b4f,Jessica Meyer
638,280b5005-a5e2-491b-b91d-b286ef26fd6f,Kathleen Rice
639,42f68fb9-24b6-498a-8045-8f5a83fdbdc2,Casey Martinez
640,c9552c09-1d86-46f3-99d3-6adf1e7ed68e,Richard Pitts
641,8770cb58-22f4-4d2d-82b4-3138e3d42841,Mary Gillespie
642,03e22a9d-4cf1-40db-8ed8-e5526799d809,Philip Haynes
643,dd324fbe-5ddf-4fe7-9bb0-f9e3c6477e52,Debra Simmons
644,ff5f452a-ea6b-4126-a380-102e2cb462e3,John Farley
645,a2b2d8f9-d8b9-457f-bb3a-6a51b288ea47,Alexa Marshall
646,982e7c12-698c-4578-8eaf-b8c797ba6714,Amy Robinson
647,a130ed62-6b30-4829-9f3f-c195a38ee704,Patricia Collins
648,e8b31997-2e17-4475-a42c-2a33fef1300c,April Baker
649,9104c586-af20-46aa-a878-ff659320157b,Kyle Hart
650,59c25eb9-e8d9-442e-a511-7cd502eba9e2,Brandon King DDS
651,06b369c5-beab-4b7b-bed7-ed18f981ec46,Samantha Ward
652,370f64b1-c22d-472b-8fda-c9722696b791,Karen Pugh
653,46a680cb-71fd-4368-821f-e4f7d2c067ca,Sarah Yoder
654,146c1f38-adfb-4a52-9e39-6738f4aa4892,Julie Dixon
655,27f3d895-ab98-43a9-b8a5-2f42a05bb0b2,Wyatt Hickman
656,0be0edb8-b739-4e3f-8a5e-e570900ac247,Donna Crawford
657,65964fb5-c2e4-489c-ab9b-3d95f41044f9,Arthur Evans
658,5d21be6f-d17f-4db1-aff7-0a8b0c51efbd,Brian Cordova
659,cd9c24a3-e6d8-4fcb-8183-8598f537f8a3,Glenn Lee
660,96cdf634-314c-4548-8c52-139975b60745,Mr. Nathan Petersen
661,a359dfeb-6b6a-4e23-9ae4-aeaf28fe9944,Gregory Glenn
662,27df6a1e-99f4-41e5-8039-100de101fbbb,Rachael Stafford
663,3dd64c95-1baa-4677-8992-9a84723fed46,Elizabeth Arnold
664,4c21037d-bdd8-44d1-a6e3-41ac2fc6d5bc,Carl Marquez
665,44e4eba3-f624-4cf8-9496-12a745639768,Stephanie Adams MD
666,e4988421-da33-4c07-8ac8-7438813c2d76,Sergio Johnson
667,4027a4e6-dda7-44de-b4ff-513e2c7507ac,Natalie Hunter
668,485dac7d-e9e2-4b9c-a5ea-7749b23aae70,Don Valencia
669,bedd2aee-cea1-44bc-83be-23ee960b1bf1,Cathy Hernandez
670,1d9706a4-a508-47ba-94ff-f20b78926014,Sarah Edwards
671,b167d218-a827-4360-b1f5-5308b7e12461,Christopher Mason
672,2af5e269-6cfb-4ae1-8230-c65668321832,Kevin Castro
673,172d9cb5-32b0-4bd3-904a-2d95fff39148,William Parker
674,bc6cb346-8141-475a-8acf-fe68e919dabe,Amanda Chapman
675,e17d886d-e9ab-440f-ad43-1a7fda281fb7,Monique Evans
676,fc9a8b24-18ea-4e21-8efd-271716226d47,Theresa Pennington
677,15dd278a-2f62-452f-958e-2f33f8166c84,Tiffany Logan
678,b2c18667-43e0-4496-b33a-75c8eb561344,Joy Lam
679,d07b2b62-8ab2-4383-995e-d5fc4eb1ec2b,Lee Miller
680,947a1988-5840-41cd-9c67-676329b31a62,Joseph Mejia
681,03b83d58-cfe2-483e-922f-341e8832f278,Jill Mcknight
682,8b2cbb62-ca95-440b-9586-01a105271ba1,Kimberly Evans
683,187f836f-54c3-4c6b-a389-ac8b127ad9c0,Linda Johnson
684,038b37e0-ba25-40bb-8cfe-3c7c57515567,Susan Maxwell
685,c615c486-e786-48d3-923d-3f8cf97eb494,Laura Holt
686,2d465b8e-8ba0-480d-8486-690d6e16949f,Heather Lara
687,4f52f3a1-3e32-45fc-847b-0d715fd04405,Samantha Coleman
688,9321c4e8-cec6-4429-9d39-46f8e9ab93c7,David Smith
689,637b9e0f-0390-4db5-81bd-ea604937f7e7,Aimee Kennedy
690,db13726d-769e-402a-b261-572cebc41b69,Emma Harris
691,d5bdacb6-3f24-4a38-a1af-9ff6f45ae23b,Charles Howell
692,584df97a-b323-49f5-9b94-4ae82a5147e9,Brenda Daniel
693,40d0a171-98ca-4fb6-a2f9-181826fbfe26,Kimberly Coleman
694,9af8586e-e568-4a99-a680-0bd28018bee0,Bruce Henderson
695,89053a1a-8d3e-46cd-8207-5abc90f7a128,Keith Burgess
696,bc8775d4-732d-460d-bcd3-8d45ec116bce,Sally Olson
697,2d1e2bb8-ba9f-4505-8e2c-b4a4b64d793d,Courtney Roberson
698,52c351ef-fcaf-4912-9ad6-b768245ae943,Karen Oliver
699,069b2a87-daa2-48cc-a26b-d02721f19523,Steven Reyes
700,f91cd9cd-20ac-40c9-b700-2f869866b05c,Kimberly Cherry
701,8f02b1dd-5159-4d9d-a741-aa019975b0f5,James Anderson
702,279b6452-21e0-4525-87d6-f73ba318553b,Mark Olson
703,c7934962-3bf2-4ee0-b57c-f69416c24e1d,Susan Lopez
704,a070131f-16c0-4d86-b21d-4a05cd2cd242,Billy Burton
705,7125e132-07ae-4fd5-8826-a08ec90850d6,Courtney Rivers
706,1373c6e4-392c-4b76-89fa-bf68970b3b28,Derrick Smith
707,24e5f025-c270-4d14-b713-eba3a67e0eb8,Stephanie Reyes
708,fe4d551a-fc5d-49fe-823f-e58fb1576620,John Nguyen
709,e428cbcb-48a2-4c7d-ae1b-6fe49596fc3f,Charles Bolton
710,74189d4f-d1d7-4b0f-937e-f14305b5f092,Michael Harris
711,d2658112-32a4-4b64-ae73-5b071d87d552,Nicole Curtis
712,d4d6fe80-5de5-410b-b257-3ecb63c0ad25,Robert Cortez
713,776d2346-391b-4ae0-9e6f-07f7a4eccdc4,Patrick Holloway
714,53bf9048-bed8-4a4a-bed0-f738a21f9f0b,Mark Jones
715,706963a6-41e7-48f8-80c6-d49fdd45b6ed,Rachel Willis
716,ce97a5e9-d651-4c83-8c71-4fb86555ebf6,Melissa Allen
717,c5df5bb7-9f02-4f14-8d48-32028a95175b,Daniel Greer
718,10df54f9-a1de-4134-ad60-28f7df11d74d,Erika Roy
719,98a45b95-57b9-48f6-95c7-128a31971bcc,Melissa Webb
720,8db87222-ff67-4fbf-b27c-c8333025261b,Melissa Smith
721,be232ebb-0cab-4df2-a158-ae322306a3b5,Carl May
722,adee50a0-54d6-4110-999f-948e38937c35,Shane Cole
723,49cd59d0-7492-4c9f-aef4-4b9a70455451,Rodney Berry
724,3cb25da1-526e-49d5-817a-40f125d88f03,Amanda Young
725,4eb2d7dd-1f39-403b-9d2c-cdb5fabe2918,Melissa Wolfe
726,44e29ad6-6d50-4719-ba43-09d17864d7ec,Amy Andrade
727,e06a263a-9856-443d-9a77-8abc2f10ab62,James Brown
728,3c915136-ce4d-45b9-9965-dffe03bd9184,Katherine Berger
729,1430c7b1-bb2d-4f3e-97b7-b614735a65bd,James Beck
730,d179fb68-0206-4d6c-a7c6-6720d6928a42,Andrew Anthony
731,c1972936-63b6-4e85-9fbc-4c67a7a7b8b2,Dawn Cunningham
732,90524aa8-2c1c-429c-a44d-f17ec1050d19,Paul Barnes
733,31174fce-b05c-47f5-849f-5065fb267639,Robert Kim
734,56a9fdcf-5320-4830-b58c-2c69386d7295,Casey Estrada
735,c597b0e7-250f-40c5-be86-5c40c6816a8a,Sydney Weiss
736,9a387696-b231-46c8-9932-35f3e262ef4e,Kayla Brown
737,c3e6c50a-13dc-47b1-bba7-54e212d785ba,Hunter Dean
738,ca462cc2-06fa-415c-9f6b-b36e266e7d6b,Steven Robinson
739,e5b0bf3d-063f-4975-bd4b-5a6fb04cc11f,Rhonda Bowen
740,1ec300dd-e650-45d9-9dcc-37433af69f69,Nathaniel Lopez
741,d0910a7c-c279-4ae3-ae6d-98aedde92227,Kathryn Cox
742,899f39f8-a759-40fd-8a2d-5313fb096c44,Michelle Tran
743,e4297343-33f0-4612-a0e0-96682761d4b6,Christina Hall
744,a677a652-419c-4093-9e72-63ed8b886ef1,Logan Livingston
745,acb5cad8-7faf-4381-80ff-9e632cccf6db,Andrew Lester
746,7b2b80f8-f44c-4d75-9fff-72dab079bda6,Christopher Hess
747,f342de84-f109-4d88-a51e-26d187f6fd92,Patrick White
748,d8bfa8d5-2993-4a34-9cec-3c95820e9826,Laura Taylor
749,0175a684-31a2-40a5-8c03-208ec6dd0c8d,Frank Moore
750,873ebb91-099b-44aa-b017-db7df8d4497c,Kerri Wilson
751,b5d90052-726b-4aa4-970c-916b3e2296c6,Leah Hensley
752,9ab96d52-d506-47b0-a325-9cf6e403c665,John Pacheco
753,880b26af-548d-4d6b-8553-be469d6031ef,Samantha Miller
754,0d3c2056-efa5-4eed-b5fb-c77d23ddf5a2,Nicholas Benson
755,2d75580a-0e12-4688-a5a1-43cfab6a1601,Steven Atkins
756,d5ad5496-db29-411b-88e2-dddce096bb42,Megan Johnston
757,24d9ab75-5d3e-4510-965e-bcc8112a8e7f,Michelle Velez
758,6ef8bc9b-21f9-45d3-aecf-ea10c283606e,Mark Smith
759,d054497d-5cb4-4a43-83ad-bde21fe8b5cf,Allen Nolan
760,723baded-3da1-4f06-92fb-b6b4399f2956,Katherine Ryan
761,70619be4-7bad-4e3d-9aea-07ccf0535bea,Robert Williams
762,13358c26-9d5a-4735-b7c7-63d044b18b2d,Cole Kelly
763,2369cb37-2fba-4e3c-a29d-a583f5e19dcc,Alejandra White
764,98ad3aaa-bbbe-4792-b4e5-716d1bb8fe18,Amanda Fowler
765,06d5d55d-8eb9-4d92-a3eb-a2bbd93be4dd,Elizabeth Lynch MD
766,73d573a4-c227-4df5-9731-35cba6b44d31,Eduardo Kennedy
767,1556cd31-77ab-4c38-a8e6-622464d3b3ac,Savannah Murphy
768,f1ce0a92-0396-4eb4-a63b-f14d627b748d,Kevin Diaz
769,ea11a3d5-69d1-44ef-b94f-0f39733826e8,Glen King
770,03fc8770-1245-4141-987c-e6f1119138dd,Mrs. Melissa Bernard
771,c11bc31c-f119-4316-b27f-1ccc1a4a40ca,Dustin Andrade
772,ca9b752d-dc41-4099-b7b8-60f8bb5e330c,Rachael Kelly
773,035251c1-ca87-49a6-96ba-0093e7bc5838,Sally Eaton
774,8de01922-b6cd-4f4a-9869-189a81ded7e8,Traci Hicks
775,48021135-8f7f-4f1d-91db-c1577898f55e,Kevin Salinas
776,135bd3aa-a73b-4dc2-8afe-07cd3ce294b8,David Gomez
777,e111f5c5-260d-448d-89f2-1fcffec37896,Monica Bender
778,1d5d6556-c4d4-495a-907a-6d0bbb8ca390,Cynthia Frazier
779,57c2a69c-80d2-4959-aa07-90afd3bb6930,Jaime Wood
780,ceca691f-297b-4623-b4e6-945e38e8fbd6,Caitlin Vasquez
781,71cb457c-a967-42fe-8c10-44297ea8005d,Barry Mann
782,bbbf1795-b0c6-4238-ab76-a3e00e699150,Sharon Sutton
783,fe347253-320d-4e52-83bb-56d99c61ce35,Nicole Hall
784,0081136c-1b4f-4442-97fb-4014d4762d71,Cynthia Martinez
785,aab34375-0c48-4a04-8055-489f3ce4b92e,Dylan Lopez
786,dd789924-07cd-4d44-8fe4-64a0d091c279,Michael Ford
787,751d18d0-1cfe-4bce-8a14-06f4bff16263,Misty Robinson
788,b51061ef-ae89-4ad9-a089-cfcb831e7428,Jason Gibbs
789,d4a94c72-779f-4efc-bfce-174d0ad9e78a,Kaitlyn Branch
790,fc7286d5-56a3-417c-ae9f-1542a7b4bee3,Aimee Dean
791,fe5f267f-9c31-4d16-99f8-6823f0bbc36c,Jordan Allen
792,78889189-a347-4e9b-901f-112866a49038,Anthony White
793,87450d94-6abe-444c-9d1c-3a8620fecc99,Emily Anderson
794,f0bb3e90-ecf3-43bf-ac5a-95011a4013aa,Mr. Christopher Price
795,e3c46538-6148-4534-8d92-c94330dff04a,Brian Mcdonald
796,1babe72e-b8fa-43ae-a2ea-f2b0300880d2,Dennis Sims
797,f633ee22-f56b-4be3-847f-8735ead1d2a2,Jeffrey Silva
798,4c497a94-d13e-40c0-af9b-f102ef1530ca,David Byrd
799,9be57bd6-633a-4874-aa57-31f89c143656,Megan Fischer
800,32267358-36bb-4358-bfb8-51c7ca6de9c0,Janice Valdez
801,8fcebeb8-56e0-413b-ae36-fd6cd0a657f1,Michael Morris
802,4f1c77df-7b3b-4302-a757-2c4005c60e49,Mary Ruiz
803,658fff06-3090-43d9-814a-5dc5b2a9c272,Brittany Thomas
804,844ea9b5-cbb9-4e1c-ab89-eb025754b4a7,Chase Garcia
805,1465782a-9b4c-4494-8f72-0cb910a40b45,Kathleen Kane
806,e4fdba20-1e31-4872-b391-e88bcd93d715,Ashley Davis
807,9855b8c7-f131-4070-be4c-1557a17536a2,Dana Moore
808,ac9052e3-33b0-4b4e-80d2-0c6deef13a86,Megan Jones
809,7575d3ac-110f-46e3-9d78-0ff054a5b7d3,Gina Kim
810,c7671e44-ba04-4d6f-8126-358e49941fd1,Jill Reynolds
811,2e2c5ee7-0871-45a2-8d55-4983219241a5,Stephanie Campos
812,69f92b13-7e38-452e-97ff-60e832dd5aae,Sharon Hardy
813,3285a288-56af-4a0d-96ce-5893661c5ffb,Andrew George
814,89af3c71-04b6-4993-a6c0-35c18f3da5ae,Erin King
815,0b681219-a392-4aaa-a93c-8b507b699ccb,George Farrell
816,4cead2d7-52b1-4f12-9308-758ec8cbf32b,Colin Campos
817,c3f32e50-39b7-4eb6-85df-ed2d806b6d60,Patricia Dickerson
818,3c99b7f4-cb13-45c8-884e-cef89a743676,Evan Williams
819,3e506db9-370e-49de-90b2-cf3c83619b7d,Charles Carpenter
820,8e4b81a0-c036-401b-b633-e26a6258a8b1,Brandy Dean
821,784d3f1f-9dad-46ea-848c-8589e21f07c7,Maria Cabrera
822,28b92a23-cf6f-45ee-8f43-bfdc6f3d586c,David Alvarez
823,540ec4ab-a5b9-4488-b0cc-0a844bbc1f82,Dwayne Gilbert
824,d5a917e9-ad2e-45d2-bdec-8c470c2768ed,Joshua Martinez
825,ec444eae-fc27-4951-9d86-c6ac572ddf17,Carolyn Ramos
826,75a9fb7c-abdb-41da-9fd6-4e2aa480c38a,Gerald Castillo
827,a931ded4-f4b2-4bd1-bd81-e1c389e13206,Daniel Cuevas
828,f3e638fe-ed6f-4b3d-82d4-6802c70dca31,John Phillips
829,6c506958-eff6-4974-b900-fede9caee7c6,Kristen Jacobs
830,58efb704-b4f6-463e-9d03-72553e62394d,Annette Oliver
831,a9175bb3-60ac-4670-98a9-bd43992c1eb4,Kimberly Wood
832,bce845fd-8136-4be5-9e63-d28b6d3f007a,Victoria Terrell
833,e9324f5f-b51c-4ab7-b634-38ca10b0c96b,Daisy Rocha
834,e1ca6154-795a-45d3-860f-058953f2e9fa,Diane Nguyen
835,a4a37bec-8106-4995-b26b-5d267d386255,Wesley White
836,b8b88dc1-f453-4c37-83b6-f7f251223ffb,Kyle Logan
837,a8e9e9fd-18c2-48ed-8a96-d97655d5ccb4,Kimberly Gregory
838,d65de61b-1202-4ba0-93d3-4d3c08fe70b5,Patricia Johnson
839,0d0627b8-ccac-4cb8-9b04-7d71bef15e04,Jason Callahan
840,34c187e3-ccec-4d7c-9a67-cc721c9dacdd,Dana Wolfe
841,918d7d9d-5100-40b8-bc43-b7a531f1a50d,Mr. Adam Carey
842,1ae22f5f-6d66-41cc-9a24-44bd2f3471bd,Patricia Smith
843,c384626d-605f-4fc7-8fa0-c56d2c5ee0fb,Devin Cabrera
844,daed79dd-1a69-4b0b-936b-a32ffb829e8f,Kyle Carroll
845,818504e1-bff0-4700-9197-05dd32a9a508,Jessica Griffin
846,9b8b7ccd-a062-4dd2-9a96-ebbb939c5c21,Patricia Patterson MD
847,77d3497e-4d21-4146-ba53-d0cfb1580abf,Brian Lopez
848,675ad177-bac1-4155-b029-ef3c45b2df99,Jodi Mitchell
849,c883e82c-a9bb-4651-8f54-241bf1837f1a,Michelle Barnett
850,ce5d3cd0-395d-4e14-839f-b5f0a9604b0b,David Garza
851,0df0d6b6-fc3d-4352-8268-ac2c8cd56c1c,Ryan Rose
852,bf4ddc46-b5e7-4069-90f1-80e6e7b63728,Kathy Brooks
853,fd7f8f2d-c268-4095-88d7-b422d354a564,Rebecca Smith
854,23c7be8d-383a-4994-a1be-307e06a35569,Thomas Burnett
855,763b298e-d118-4dfd-8cae-579c01a12fae,Stephen Hughes
856,27f4f20b-378b-4412-a2a0-01a12dc5fcbb,John Barton
857,497e7010-aa49-4534-9d20-05e64a4800d9,Kathleen Sawyer
858,394aa84e-b0db-4b0b-8fcd-9dc3c5b340a2,Dustin Macias
859,39846db0-eb79-40ab-94a8-6f36da82b306,Lori Murphy
860,05092bfb-75b9-4eea-be28-84e937289155,Justin Turner DVM
861,fc3a8b73-faef-4a74-8f77-88469296d40e,Brian Sweeney
862,84db6cb4-c4d4-426b-85f0-102632100dac,Jeffrey Joyce
863,ce98a91c-97ef-47fb-9887-0cc36c97f0db,William Wallace II
864,ecd6a1d2-1beb-4b7f-86cd-f12f467cfaeb,Erica Scott DVM
865,c41eeb98-ec5d-4ceb-b3c9-9ceaad8c940e,Theresa Barrett
866,d431237d-060f-4f05-9290-e8188cf86fb7,Valerie Bonilla
867,bb1ec6e5-f4ac-4b01-a24d-b6727180924b,Mark Chan
868,434e1671-7616-4da9-9b97-3fc8bcbae325,Sydney Eaton
869,6299bd60-b084-46b5-b7be-8ad0e64e3cd2,John Anthony
870,7baa81db-2f75-4823-bab3-5207dbae050b,Kevin Wheeler
871,dadfd228-8745-4346-a5c3-47d6a525aeda,Sara Martin
872,9832bd67-790c-4494-8ffe-6f8683b2c470,Susan Humphrey
873,d30eddfa-ef0d-438f-9363-605fe6f3a482,Mindy Wagner
874,4c3d45fe-8b56-4c1f-8046-dd96bf39ab56,Renee Clark
875,5aa0e01c-7e58-4fba-8d29-783993641107,Lisa Huber
876,db306a47-2308-4a82-b197-5420beae1e64,Daniel Marsh
877,fcbacb9b-08f8-4fc0-9704-d632b2bc3d47,Gerald Figueroa
878,f3222df0-db16-42a8-8b6a-598a53052525,Candice Adams
879,978eb0af-bd5c-4bba-a93a-017faa87c3bb,Dave Murphy
880,952062a9-ec94-4b0f-a911-a6c3cd9096e2,Jared White
881,ead006f3-fa00-4885-b4f5-08fa6912967d,Kathleen Lucas
882,51b6129a-e62f-40b8-b670-160b1d8d17ff,Johnny Ward
883,66a8ea83-8d69-4ecb-8be6-ea60391e4a53,Zachary Turner
884,3d39b2f2-e5b1-47ca-a70b-b89e52291f44,Jeremiah Sandoval
885,b0a7b6da-0600-4572-be41-997b4a79bc4d,Michael Martin
886,b56253aa-8a63-4321-a3a9-39fc2a60ebe7,Michael Flores
887,bb071f4e-c220-4432-8e57-aac4e1507f0e,Victor Ramos
888,d331e36c-ee44-4993-8953-9a95579abba7,Kenneth Moore
889,15b7e602-ac6e-4255-b02a-d012eecbcb17,Elizabeth Ryan DVM
890,01e73849-bdc6-40f8-baa9-17e83c755484,Brittney Baird
891,6c780a6d-b7aa-413e-b1cf-dc0120a563c5,Kathy Nichols MD
892,267f67fe-6ab8-4a8d-b534-58034e7601a5,Alicia Huerta
893,8a3aa80d-31a2-4ce4-9c4f-f0c875f15ffc,Cynthia Thomas
894,8711e575-456d-4446-911b-457840f279d4,Theresa Williams
895,b534a9e4-606a-43a9-a273-c1516f51fed1,Hannah Anderson MD
896,68acec3b-8407-4524-8958-7eb6bfac447a,Michael Dean
897,ffc56ff9-d011-468a-bb22-cee50ad6ccf1,Terry Welch
898,e35f2d0f-5912-4b7f-8dd9-bcbe617e435f,Deborah Peck
899,d8b81f77-1dbc-4f07-a93d-2bd7dcbe71ef,Alexis Gutierrez
900,eb7e0730-853e-4cb0-9c62-3d6334fa5391,John Evans
901,a2d43eea-1ab4-4645-bbd0-99be3a669aed,Natasha Johnson
902,89ac2e76-5d73-4dd0-b1bf-24d78d1b3c42,Brandon Small
903,0c0e012b-85c1-4d88-9138-e7fca86ad4a8,Caroline Miller
904,8a9bfae3-de75-47b9-acf9-37a5e642a64c,James Lopez
905,8c7a4e99-8cbb-4285-bcd1-fdbaf9850968,Tracie Martinez
906,e6ab8154-9362-4f81-bcf6-2deea05bba2e,Chad Jackson
907,3c6e85c7-da37-4349-a1e7-74a92d36869e,Angela Liu
908,23c570fa-6d54-41e3-9fee-753f4ec6c8be,Lisa Lee
909,a6daf868-8f21-4d5a-aba8-2ff9468d1f18,Krystal Mason
910,7951076d-3e30-4c3e-9509-744cc6d6dc06,Ashley Ross
911,87742dcd-074c-46c2-a5cc-96537aaf6551,Erik Mason
912,8bb47560-a34e-4ca7-83e4-76a410a9a4fe,Nicholas Jones
913,ec8ea994-082b-4c18-8705-dcdf49e16bee,Wendy Tapia
914,e9e5f822-00e2-4edb-b748-9d9533eb7a6f,Anthony Silva
915,798c425d-91d4-4a04-a82b-e327e923243a,Michael Santiago
916,49558695-133b-4efa-91d9-0b974718e69e,Ellen Crawford
917,28ce0466-ad3d-425b-b6b5-049c3397f41d,Kyle Jones
918,da1e29b2-3ce7-4649-b410-cf1c1c47b7b2,Bryan Thomas
919,74e6f4df-307e-42b8-8fdf-d4df28f86714,Mr. Robert Wilson MD
920,6191fb8e-49da-4775-9eed-26adc80a777b,Rebecca Warren
921,916ddb7b-bc50-4552-98c6-54b4e5b4c923,Kelli Williams
922,0767e684-57d7-46bf-b59a-5ccaf35fbdf2,Michelle Conner
923,ca7bee46-b8ae-4337-a1ce-1985753a3e50,Denise Stone
924,e15c144e-541a-40e2-aaff-d4b600fcc35d,Rachel Sutton
925,a1ee36e7-8742-4f89-97ae-06794dfdde8b,William Rodriguez
926,a3d2482a-4ac3-496c-a92a-ba1df854c3e9,Paula Craig
927,439ecf48-1691-477d-9e2c-0f178cd19f58,Nicholas Meyer
928,7b35a0cb-8e04-441c-8674-c0749f341d1b,Tamara Wallace
929,cd0fb332-7dfc-4d82-823b-3360232d3351,John Yates
930,5f40169f-1c49-4e63-8f1a-95cc019795e3,Lee Hill
931,add77b6d-eeb1-4ad6-b161-357a57ed576e,Paul Black
932,3472a934-a996-4474-8a93-add441ef1a91,Natalie Hatfield
933,21776502-4620-47c9-85fe-5c113a58100d,Samantha Anthony
934,3f87884a-fa00-4dc1-bd69-861b1b52116c,Tanner Mullen
935,cb9b98ba-ad0f-4650-81ce-dcee95143fc1,Michael Vaughan
936,3f093fc4-9242-47ed-8b11-20f9fa51542b,Jesus Padilla
937,2f25f77e-4775-483f-9a3e-7cd905f63a30,Amanda Vance
938,6739c271-b41e-4907-b3af-716862486fb7,Christina Patterson
939,74585027-1947-4eb6-b1e5-159c5323624b,Jennifer Miller
940,9c406005-aec9-4d6d-b542-2f27498dcfd6,Kristin Mcintyre
941,38638bec-9335-47a6-8717-59c51c43f323,Rebecca Thomas
942,8dcd6367-4e08-4e96-97b1-87553c8b9c7d,Michelle Mendoza
943,51230de0-5a8f-439a-bb0f-41eae4f26234,Meagan Robinson
944,87fa33ba-cf2d-4ead-9c5b-3342e3cd4221,Ryan Jones
945,2a056eb8-26a7-4bd0-9d49-4abe42a87785,William James
946,77d28d67-707a-470f-a2a5-83518075c03d,Gabriella Choi
947,21a05e4d-ea83-4be2-9505-5380e949cae4,Janet Martinez
948,3aef12ea-7cbd-415b-b3f2-e2ababef27e2,Keith Phillips
949,d1ee1c56-b2e7-4ec3-8e1a-07d84cd1c56c,Virginia James
950,5a98990a-acc5-45bf-9d99-6acd91819516,Ryan Nash
951,8fed1ad5-c2f1-4769-9335-40308601bcb0,Nicole Morgan
952,5b39d336-b75f-4516-81bd-6f9ca755c818,Kelly Wells
953,95adbb23-7af0-4f28-b0df-41defb09be5d,Jason Johnson
954,4015ee96-6997-40fd-9f55-7eed6ba8be1c,Sheena Lewis
955,e7647c17-5811-4cc6-ba0f-86918d91dc3a,Janice Brown
956,920d3389-efa7-430c-99c1-05ef6635c069,Carl Dorsey
957,7dad45f4-313d-4cb8-8b9d-7146d223b881,Valerie Parsons
958,2e5d56cb-2a93-419c-a769-408ac31b890e,Jonathan Lee
959,60367cc3-9458-4e9c-8695-fcdd8a866179,Dillon Coleman
960,5caf7b5d-2bb5-4281-b03c-5d72ba46898f,Courtney Lee
961,0bd22cd4-b073-4330-bd09-722416b12eef,Christopher Cannon
962,ae9b7b7f-2f83-4963-bedd-9ae5696bd633,Bryan Bell
963,963f010e-7a8b-46f1-91ed-cec140114d1d,Vincent Carr
964,336d4177-b70b-49d8-8d09-086d8f7382de,Pamela Rosales
965,380e9bc5-6e73-447a-8ac0-0d3a10f28822,Kimberly Nunez
966,e4fc8a7b-d2aa-4f36-84dc-0747e4e9d3f1,Annette Turner
967,7b37ae2f-6d1e-41ac-8771-17e4ac4b8ed6,Scott Cabrera
968,39074f6d-a9c5-4cab-808f-2822bfc4edd2,Megan Faulkner
969,46a2fd5a-1f26-4897-a7fc-112a624f2c15,Mr. Alfred Reynolds
970,35074a23-e0bf-4878-9a31-523bc758110b,Kyle Evans
971,633f743b-eb6e-4c48-a867-fd2ca57dc4db,Melissa Nelson
972,de35a03f-10eb-4593-a006-194bcfaf69d5,Wanda Osborne
973,24d9623e-98d7-4c71-b00e-e40a9256848e,Daniel Wells
974,fb3ba8bc-cff4-4996-a9ae-fc9f4126c4b3,Brandy Schaefer
975,25bb7d7d-c2af-45aa-85cc-3dd25a06acb4,Jon Heath
976,f0811fd5-5c5f-4afa-8870-787b4f4d45fc,Natasha Montoya
977,35403339-99a3-4c00-9467-39c578110f0c,Peggy Martinez
978,7b8fa6e1-e554-4e75-a6b5-f92d628d744c,Timothy Long
979,ffe0ad87-a872-45f5-a185-58d742605ab8,Michael Cruz
980,218b1e46-f88f-4912-9b86-56f4e4be2808,Philip Lin
981,94b8c6b6-19b5-4ca5-80ae-e9964a8c5375,Christopher Hamilton
982,9e94584c-5c00-40fa-a7a5-d300796af09c,Emily Perry
983,5d3c8b7e-cb93-45be-8b43-bbd997981a3e,Ashley Elliott
984,b7c97e56-5831-4792-a5d4-00c19407c2fe,Katherine Zuniga
985,aa35e4e8-a0b0-4b63-bddf-2c981f970df6,Stephanie Castillo
986,87cb4c18-ab61-4120-aa1f-cae160422611,Randall Reed
987,cf9b66ec-b930-4569-bce2-f8bc315b7620,Austin Tanner
988,4fabeaab-3f96-4c1a-b83b-d6c7cb2cc126,Jill Smith
989,c3bafbdb-03cc-469b-ba5c-a08f8d6a17d1,Kenneth Holmes
990,80eac01b-e8f8-4cb4-a867-252d5d9f1b63,Dean Booth
991,4e29d945-05c0-4aaa-b461-ede0290ad053,Tiffany Armstrong
992,76f97d4a-9008-4249-a870-33601174e829,John Gross
993,7686a35f-018b-42d1-9946-9f60793d715c,Darin Burton
994,afe56339-3aff-4d87-85e9-64e20e677120,Brian Smith
995,f510a9eb-d051-4f5e-9171-d292f4c53e56,Taylor Smith
996,159a5c06-1cf8-40a6-a0cf-bd49e742975f,Brett Brown
997,4df4b4be-82d6-4d6d-a803-216c283da06a,Ronnie Hammond
998,4bbdba1c-362f-4ddb-b5d2-aa91bbe2e8f4,Richard Owen
999,ae77b57c-1995-4951-9670-eafbf42b896c,Michael Lucero
1000,8e5f906b-509d-4e22-938a-1db0d1484854,John Collins
1001,53abdfa8-7f99-4997-8bbf-0a18a0c6f560,Whitney Salazar
1002,3414273b-4c63-4fa6-a016-c928b4be7e38,Jessica Best
1003,72d28777-45a6-4d93-b0bb-6ca37ab4637f,Paula Mcdonald
1004,89c2edd8-63a1-4018-84d6-77e4e446fe8d,Trevor Gaines
1005,af3b6de7-f132-424c-a023-0a4ea816a4c5,Gregory Rodgers
1006,f6846b55-6625-4643-82a1-38ea57e41e34,Alicia Holder
1007,2d084b60-6d06-40b2-a57c-f28bf71a9231,Victoria Cameron
1008,6253c799-baa7-4c16-976a-42743bd526f1,Matthew Morgan
1009,fa53c82e-617e-4ca5-813a-b50061e79451,Tiffany Scott
1010,122eacf6-3553-40fc-83e6-75da77582d2d,Jeffrey Cannon
1011,5f0fd02d-88a2-4971-9576-19090635d082,Cheryl Patel
1012,b5750987-a253-4912-9d9a-b4b74e075030,Jonathan Davis
1013,10d8f897-a6b1-48eb-92ff-436f4447ff87,Russell Hutchinson
1014,e181062d-54b7-4b2e-8441-624d44d3e7e7,Dr. Matthew Brooks
1015,4d5faef8-fd3e-4970-a12e-6faf7c03a432,Elizabeth Blanchard
1016,61512637-d779-47c1-9848-c10055c2e451,Kimberly Jones
1017,6dac0457-612d-4fa6-bd38-9765f3566ea4,Kimberly Butler
1018,ba09c5fe-3fe7-4ca7-871b-237a1f7c7a95,Jennifer Cantu
1019,cfa4a432-68a1-4224-8f42-5056a8c5c3ea,David Nguyen
1020,4b59f0d0-fc03-470e-80c1-ebe5a3c79b66,Kyle Saunders
1021,7d392464-1a0d-44f6-8dba-7fecafd38a7b,Mark Lucas
1022,47b07754-a775-412b-809c-b4b54cdc3acd,Diana Rogers
1023,7b1b5a5a-2b92-4979-9bd0-305bef186760,Katie Keller
1024,15f92935-d73c-4b10-8824-09e9d6b8e236,Carmen Arnold
1025,dc616825-39df-4c50-b915-c271da5a07f1,Jennifer Johnson
1026,d8686095-a688-4eb0-a2ea-843e3e72d743,Brian Estrada
1027,eab785c0-3a31-45f4-bafa-feb40083cda3,Melissa Brown
1028,5b713303-d8bf-4cf6-8be5-ffba90bc4a0e,Ashley Martinez
1029,36f5f2c4-574a-40b9-a477-5633e0285b72,Christine Morrison
1030,931e8b4a-1c12-43c8-bd54-79945708cc08,Daniel Wagner
1031,94e1f7bc-0eed-4619-8461-9c2dc6343307,Joshua Proctor
1032,8d1b6f40-57a3-48a7-8093-ea9c50dfeebc,Jessica Brown
1033,0d0efaeb-0d87-44c1-84e6-3c297d94aad3,Darren Weeks
1034,0d3fa260-ba7b-4451-903a-186340e8c4fc,Amy Mitchell
1035,3be35c19-5836-4de8-bab1-52e379784c7c,Regina Chen
1036,acbc6cd9-d4b5-4c7c-9cb1-411367ae2c09,Ray Jacobs
1037,41084729-cca4-4533-8bae-09eeb90acf28,Jason Ashley
1038,a7f3b7d8-c2bd-4f02-9dac-2ea56218d160,Anthony Simmons
1039,6d1c2f51-a43f-4680-abec-607868c528d8,Kathryn Black
1040,0260b684-b6fb-41c1-9816-d46369530f62,Nicole Russell
1041,8fc4cd7d-f07d-4b85-ad43-db89f311e47f,Dr. Alex Butler MD
1042,911ae029-927b-43cb-9d2b-1f1e4abe5674,Martin Henderson
1043,f5fe1d8a-06b5-4602-bb53-207f14510d42,Joshua Harris
1044,ec7fe952-44d8-4481-bbd6-3fde0634f3fc,Benjamin Turner
1045,4cfbe00b-1378-449c-b58a-a7cc0ad6d108,Roy Phelps
1046,34d9b433-87fe-41a0-adf8-f6628d5ed655,Jason Jones DDS
1047,d3fa2f9a-ba14-40c3-8054-3a397f90162e,Jeffrey White
1048,7dc198e1-1ab8-4ebf-99bf-cfa8902b368a,Mr. Roger Johnson
1049,3f2b270d-a4fa-4296-9c97-eee8c5957bc2,Victoria Wood
1050,007fa1e5-006e-40d5-b6ae-70ec5bd873c6,Mr. Leonard Mccullough MD
1051,153442df-2882-4ea3-8750-8824632da781,Jacob Lloyd
1052,8d45e80e-e8bb-4a3b-9134-e72fc9d141f0,Todd Bautista
1053,9f6a1baf-a370-4863-adcd-873c4f30f2d0,Brandon Perez
1054,0769e86b-dd54-4b0f-912b-33ea0a0d72ca,Heidi Smith
1055,3fbb6020-bb19-4570-bd70-bbe10ce4ee3d,Michael Smith
1056,5220e674-36aa-4fb5-8063-a1404fc31a61,James Calderon
1057,a9a842a4-a288-4b75-af02-c903509a1d7a,Anthony Waller
1058,8568fe92-8603-4499-a857-b418c97ab021,Kelly Carpenter
1059,38cb4f0b-0994-4eaf-aa54-3407ecb0a5df,Tyler Ramirez
1060,b3aae98f-947e-4b7b-a21f-7004d4ed1010,Christopher Townsend
1061,02cb6fe0-863b-4211-ac9e-4b4bf0c12eaf,Sarah Robertson
1062,e3aed383-c386-4e58-964c-cea73a23ad2e,Joshua Smith
1063,2986ef2d-3670-450c-8644-535ddf3a05f4,Matthew Rogers
1064,71e5823f-5fbb-4e2b-98d2-055193afb0e5,Michael Steele
1065,bee45293-3f7e-4a57-bc18-65d572347660,Courtney Dunlap
1066,29ee42b8-7b76-435a-8219-d1fd6de3beb5,Joseph Murray
1067,fdc44ffa-ec54-4407-980b-b0104486d491,Jeff Brown
1068,6d98a7d1-0e59-4eef-b929-d85a7127bd3a,Mr. Nicholas Smith
1069,de08616d-9bcd-4cf6-81b6-8e993294768b,Sarah Miller
1070,58ebdb1e-f197-4fe4-a9d6-1d11a8243504,Jeffrey Barry
1071,98feb3fc-0356-4911-a3fc-e3fcea48f5c8,Philip Sanchez
1072,e452bcbd-3d62-4f2f-aef2-18883ca1b646,David Baxter
1073,7f7a3e8c-b30f-45dd-b8a2-a8cdb5e3cf7d,Jason Clay
1074,de510399-150e-4cf2-b835-c2ab6cd5d348,Joseph White
1075,89633e95-5aba-4d37-8db2-eef214876664,Diana Robinson
1076,89f761c2-241a-4641-a17c-05fcd154494c,Erin Garcia
1077,08f5aa07-8f73-460e-b588-676f2a194eab,Michael Rodriguez
1078,70667bd5-5a6a-4afb-b34e-a36ff7c17aa9,Steven Wood
1079,0c686299-d3ed-4882-8c2d-aa3c97efbfa7,Daniel Schneider
1080,c316d29f-5441-471d-9a81-055abee530e6,Dr. Bryan Flores
1081,d3c2e27a-a8b8-4eef-b8b3-5ab3e6cfb11b,Jacob Mccarthy
1082,b594ad09-3153-4695-842b-8b776b5e80b9,Holly Walker
1083,bd03a388-3bb6-4808-9d04-690fd5d52c0a,Thomas Fernandez
1084,2325f238-861b-4860-9516-e78dba4ac84b,Jill Barrett
1085,d1ee1afe-b378-43e8-b0ce-7919bf49ded9,Kimberly Rodriguez
1086,37c5721a-1e6a-4754-ac0f-bef7f858c0e6,Carrie Silva
1087,216ab85b-b0bf-4ea3-b53f-77d4cf5e2745,Rhonda Watkins
1088,92766e49-c594-4647-bf13-2312fe3a518f,Heidi Miller
1089,68852bf4-2e37-415f-8c95-f4f51e2a832c,Cheryl Howard
1090,b08796d7-063e-47a6-9c9a-125688d7b169,David Schroeder
1091,caa29878-d6e2-4bc6-aed7-1acaba2eef0c,Emily Bennett
1092,1c8c73df-84fc-41c5-9ba2-f6c084f99a9d,Raymond Garcia
1093,7b38b118-111e-4c9e-b51a-26f4cf047a66,Melissa Larsen
1094,c80a6db4-37fb-4571-ae1d-a820e31560ce,Michael Thomas
1095,580525b4-2e34-43bf-8341-b27584c0b2d1,Max Daniel
1096,65ffa44c-1862-4d4f-87d8-0b258dc86b73,William Robbins
1097,96c6eca6-cacd-4511-8cbd-3c8f70f13b78,Richard Burns
1098,146ad9d7-5f37-4d6a-befe-f57a0ae298de,Gabrielle Hill
1099,bcd0af55-d290-407f-b0ff-aa24c8c34c7e,Daniel Little
1100,ccc52fde-0116-4e0e-9cad-3e3544b64924,Christopher James
1101,883901fb-2b5d-408d-891f-e35688935eaa,Ashley Sullivan
1102,0b0ac3e2-9ed7-42cc-bb48-eb4b556fe0d2,Amanda Snyder
1103,a389bab2-da34-41a0-b5b5-5f1199fb0c08,Ashley Anderson
1104,9aeea3d2-fc35-46b6-b728-dcc66232012f,Matthew Walker
1105,2b227229-be6a-497b-9110-2c996622f49c,Jean Young
1106,35867cc7-ce4e-4b92-8320-16bb8e5fc370,Elizabeth Snyder
1107,d759dc0f-6261-4c2d-9fe1-e2d89dcb07ae,Dominique Gray
1108,a66ced48-75f8-466a-8f25-31c057a55ee9,Audrey Campbell
1109,c01d590c-f0cc-4372-ac65-8ffe4f88d49e,Amy Hall
1110,9ee4c42f-a37d-440a-ac35-24a35090f554,Jay Cunningham
1111,c7906f6a-919c-4651-8c41-662304667b0d,Joseph Brown
1112,a8be2808-322b-4a64-a40c-4df3bf5871d6,David Perry
1113,98fd75b4-a51d-4221-9934-16e8c6e7a9c9,Christine Miller
1114,0a725fd4-3dd9-4df5-acb6-20df6688b610,Cheryl Wilson
1115,2b5e9056-49ac-4567-9101-97dc84611a6c,Krista Young
1116,0e447059-ceb3-4a41-9f84-39a78ca0cd18,Richard Richmond
1117,05189444-f5ac-4828-b0cc-c86cd15920ef,Victor Reese
1118,a2a42e92-0f69-4346-9126-a73d76375561,Michael Davis
1119,2a4f8b27-4424-45d0-88af-2d19fcc218e8,Teresa Perez
1120,9d7076a8-c6e7-44fb-bfc4-cff90815e028,Mark Garcia
1121,1c03bca3-8099-4d65-ba08-667a9ff5d11f,Kevin Gomez
1122,54ab95d5-8f05-4eae-9d1f-1482ec708bdb,Elizabeth Lewis
1123,21f1101f-627a-47be-83cc-f5633dbfc888,Stephanie Thomas
1124,38810e00-63ee-4500-bc30-961c34e35d93,Susan Johnson
1125,5714d5ce-a311-45c9-8d67-e28d6211732f,Margaret Houston
1126,c7a798e8-d377-486d-b607-ba043f3f4e62,Dustin Sanchez
1127,a6d7dcac-ef79-4ae7-ad91-4d53d1668bac,Jacqueline Palmer
1128,47a88a22-a080-484e-bd91-e9849913225b,Paul Cohen
1129,900ce842-61b0-439d-b67f-83f93e205237,Christine Morgan
1130,15c09752-92de-4e39-8288-3cad9a4b4294,Ashley Santiago
1131,427480a1-0f6b-4771-8d1b-050a9f4746a0,Kelly Pearson
1132,68cc04c6-ff13-42aa-a50b-10a2566de276,Elizabeth Walker
1133,dc416578-ee66-4d98-a495-7cecac42fd86,Jason Garrison
1134,8d70dc36-6377-433b-9074-f78abc614d40,Seth Ewing
1135,091d6008-463f-43c5-82c2-6767e3e9f175,Mrs. Karen Martin
1136,74726fbf-5ea1-404c-8937-fc942c10144f,Judith Swanson
1137,bda7c8e5-fcc4-4770-adfd-a84781a9279b,Alejandro Adams
1138,aa3c31ca-74f2-4173-8119-e33e7ed000b6,Nathan Mendoza
1139,c28a0d84-6d81-4f0c-9492-5ae0922abb00,Amanda Watts
1140,f7e4ead5-9b2c-488c-b1c8-37efa8027c65,Natalie Pearson
1141,7c7035df-36de-4cd3-9ccb-5354ef7ad092,Eddie Brown
1142,ae43ee3c-824f-4704-a908-61bee9b3cfd7,Eddie Glass
1143,383b5ba3-8390-4ebe-b49d-3dac65ff8a3c,Kristina Garcia
1144,91f60c32-b350-422e-a49b-76430099da36,Dylan Smith
1145,6e874426-27a1-46d7-af9f-2d86c5dcc693,Michael Leon
1146,2d9def2f-9b9b-4ba2-bf6c-10234719f91f,Daniel Smith
1147,eca3784f-41ad-4d25-ad01-c41ea82a2d2b,Duane Myers
1148,1d841e61-bcd4-4a36-b235-ee65e009429e,Theodore Boyer
1149,eaefa82a-9c54-412f-a342-e4bda96aa48f,Elizabeth May
1150,29149287-a494-448e-a5e7-625c4c513efa,Tara Osborne
1151,3859f852-c5ff-4caf-80cd-9704f2f41f15,Kim Flores DDS
1152,0b38a2c9-76fa-439a-bb7e-2e5addfef51c,Jessica Lyons
1153,fcab53f1-406e-4261-a2ee-7c060edf251c,Kelly Brown
1154,d4864c4a-8d20-4b35-9b84-5325c76d18ff,Anthony Cook
1155,72ecb570-d0ef-40fc-a1a5-70d597173c56,Samantha Crawford
1156,d19db8d9-2fa6-424e-9cdb-e6b3f2348b1a,Dawn Sims
1157,208083f7-0610-4bcf-b2ab-ce39b4d50e7f,Sheila Smith
1158,2fa3abb5-9fdf-4395-82b3-a10ac65ea3a9,Michelle Wallace
1159,cab54e45-ffa6-4ab8-9710-8904ea9cac1d,Thomas Brown
1160,ac6d498b-7573-44af-a7f0-e9bb482cbe05,Brandon Stevens
1161,b18e21c0-1cc9-4d1e-b25e-ebc5fb1e5eda,Marvin Hill
1162,9c4f577f-cdde-4930-a285-92194f243ceb,John Smith
1163,b63d899b-6cc3-4cc0-9b96-1a838b2a73cd,Stacey Wilson
1164,ae16ed5e-b1b3-49cf-b3f7-71cc3219e315,Barbara Price
1165,6dcd2cc2-3c86-419f-b333-ace46ed51f56,Derek York
1166,f8c0118b-19c5-4603-b201-a45f8e820fac,Monique Mccullough
1167,1c0c1d72-b20e-4c8f-a862-723f1b359063,Steve Waters
1168,7a118747-2078-4f38-947d-f554a7c99ea4,Jill Johnson
1169,0c9f764a-b6e4-46da-b6da-3526283b5ea8,Erin Fletcher
1170,34813d25-f09a-4b1a-9111-84db4243c437,Christina Spears
1171,19d3d103-7129-4b40-9773-0c1e0bdbb76b,Christina Lewis
1172,72ea1506-8da0-407a-859e-02ce42fbe453,Peter Brown
1173,b6c78157-1c3c-413d-a6a2-6e90a590de44,Marc Mckenzie
1174,d8b85562-252c-404b-82d3-a219ee621bfc,Henry Morgan
1175,7f0cbbdc-eae4-48b9-a623-904fb7801e2c,Mr. Brian Carrillo
1176,c2e254ec-6f7f-4d72-a502-32144397e202,Elizabeth Marquez
1177,60b5fe52-cecd-423c-ac99-5df02d3a64ba,Melissa Smith
1178,9dc3dbfb-e9b1-4119-b376-664d7233e5d3,Arthur Hunter
1179,3d70c02d-3475-4e8f-acae-6f36f3c3e05b,Michael Jacobs
1180,ab186730-b707-4483-b3c6-1446e9dffe58,Erin Tran
1181,b1b92c6a-03b2-4fc6-a06c-7819bb95327f,James Smith
1182,81d2044e-1c51-4d8e-8aa8-33d6015ecf29,Barbara Stewart
1183,0fcfef76-7a7c-448c-ad11-e3662bdd2c80,Gail Wood
1184,39454d0d-c7f7-4440-9159-40a7549989f3,Mr. Joseph Harvey PhD
1185,95ce618c-41fc-4d97-aa9d-dfa00e1574b8,Colleen Wilson
1186,9fbef9f0-4d28-464e-bcec-cfe36ad2974c,Hannah Garcia
1187,924578dd-0e34-4c81-8a99-472d511ad718,Allen Rich
1188,12e7567e-ce30-4d1c-9017-30d656348f69,Kenneth Joseph
1189,049ff3c7-d3b5-4c43-8952-d9fc030f96fc,Brittany Davis
1190,ccb0bf46-b97b-496c-8268-4e317cf39db4,Robert Johnson
1191,3c4b255b-94a9-41ea-a687-30eb9f7a5cef,Tammy Bartlett MD
1192,13dfbcb1-51ba-43c0-b7c0-d6b1da74e225,Joseph Santiago
1193,6c57de07-37b3-44e0-ac56-8e6f7eadac66,Kenneth Graves
1194,1cc3d848-e7fc-46f1-8040-a6830d60a897,Kelsey Luna
1195,13b78ff2-cf4a-4618-ab81-aeeefb883707,Kelly Williams
1196,b1ffcdc5-8bee-4c19-a34b-b9b1796297bb,Kevin Salazar
1197,76cfc058-11b8-4d70-91f5-2efe3b6e694f,John Yu
1198,643df78e-9a8f-4556-9d06-39c2ff807c9f,Michael Lin
1199,0c7128d9-8bb6-4a71-9754-ff7df0169b32,Chelsea Lamb
1200,867bdc3d-e72a-40cd-8bd6-ed224cd556fb,Monique Acosta
1201,d3b9a00c-8646-4e52-9315-46eaf0156998,Patrick Kim
1202,718dd403-07bf-4507-ae1c-35e96c2a211a,Adam Hall
1203,2a43a8e9-b795-4176-9c55-0400cb9f1568,Julie Foster
1204,5ed928f4-10e3-46e1-ace0-0f957b749deb,Tracy Nunez
1205,2b976eb6-622d-4182-9cd2-b7a1bc9d44bd,Peter Smith
1206,833db98b-8736-4e4a-92bf-c2bb531c7308,Christina Buckley
1207,b0b53b7e-ba70-4264-a8a1-b4be136c59b2,Lynn Brock DVM
1208,772ab3df-81a9-40cb-bcf1-9663fcf1f2ff,Barbara Jackson
1209,b22be83a-9f64-4324-856e-5500bd6f37c9,Robin Peterson
1210,ab6c21f1-2710-4f0a-8613-2062c11eaaff,Rebecca Phillips
1211,c49fb6dc-505b-4400-841b-f1df23b8dc9a,Daniel Johnson
1212,cbc19cd8-bff4-489d-8d76-bf10f19a6cca,Ricky Davis
1213,45913102-e5ce-4d7d-8542-04288a73150e,Alyssa Tucker
1214,c907028b-bdb1-42cf-a5c9-301e8d19e65e,George Mosley
1215,d96dd319-5bb3-498e-a201-fb3f58f3a19c,Amy Smith
1216,223a273f-59b7-4af7-b1d3-2ceb4376e0cc,Christopher Morales
1217,0e5ae500-f552-4b47-9b7f-7c52df0f24ab,Melissa Garrett
1218,3440bea5-99a0-4acd-a70c-52ddbfcabec2,Alicia Lopez
1219,5e983f69-7043-441d-b9b0-63c16deec05f,Ann Johnson
1220,b2e3d498-6351-44d7-843d-d6daf6d6ba83,William Carlson
1221,fc52ed55-c6da-41bf-a33c-5bf88a8c3a74,Jason Hess
1222,294cc3e4-02d5-4db6-a50a-b3001be00e34,Tiffany Figueroa
1223,024d7564-c418-4393-864d-94bda1cb9d14,Krista Smith
1224,4fbc49f5-6222-4988-9b76-96e063f7090a,Tommy Porter
1225,a391ec57-6009-4e8e-a5bb-7e12fee55e49,Adrian Nelson
1226,ba0f74bf-fa1f-468b-a7fc-62b3ae9e8289,Kristin Castillo
1227,190b0f34-0cca-40dd-b7ad-a359625ba618,Melissa Allen
1228,477db8a2-e46d-48ed-931e-33eaf7aa5116,April Reyes
1229,69cb35e4-838b-4c4b-8de5-04519efd3e8d,Matthew Hernandez
1230,3d774d0c-0af8-4d79-9a84-92623d2b4410,Johnny Gonzalez
1231,3d585dc9-44eb-47b1-a6db-86ccdbf581d6,Tara Jones
1232,32f853f0-b459-4612-8408-18c2c5171949,Stephanie Hansen
1233,dd5e4223-ed7a-436d-8930-f4e4bf18a022,Jonathon Martinez
1234,7f22dcf4-900b-4b34-b7c9-b17789b01a68,Jennifer Andrade
1235,c22948ac-58e7-48b7-876f-fc280c64ed25,Rachel Evans MD
1236,b7995d20-4a35-4f49-bad1-f42e928cec1a,Dustin Jones
1237,458f4056-a01c-49f1-8733-81ae3947786f,Anne Moore
1238,8de4936d-d0dc-40b0-b2f1-b756c678d3c3,Sharon Hawkins
1239,881f53b1-d447-4584-a51a-f82706051db7,Alexander Harris
1240,644aff44-9483-4675-9868-30bf52b7a9c7,Karen Jackson
1241,365a76b9-b270-41fd-a6c7-83113c6ca68a,Angela Fitzgerald
1242,cad72f17-04da-43ca-8099-6e29b06b6906,Jeremy Murphy
1243,87488669-f8ee-4069-a5f1-2504f044e79f,Nicholas Mcgee
1244,a6bfd1f3-1585-4de1-a854-7f9b0c3a2be4,Noah Moses
1245,9b48d00f-cad1-4885-9120-84992a6bca7d,Kelly Davidson
1246,7d869fc4-dae7-4233-b1c0-0b5d607c3e1c,Julie Bates
1247,e6d347d8-5c49-4bf2-b7fe-4ed3a6df06dc,Danielle Manning
1248,6f16ee0c-ba48-47e0-9aee-b45c52dac275,Derek Ray
1249,9e713ec3-052d-469e-b6d5-515f41a6fa96,Tina Jackson
1250,aa2ddd2c-34ff-4a27-b964-02cd89f64981,Courtney Carter
1251,2d839535-743f-4a69-9b60-41aa05f467e1,Carl Wiggins
1252,20b7a4d3-69d3-4e3e-9711-d89e4a91a58e,James Wood
1253,7c0824a6-1039-461e-a130-4579845f495b,Jennifer Anderson
1254,a5bb6352-8e8d-4e0f-8856-5f34c4a56988,Linda Barr
1255,919333e5-27ae-493d-afcb-bffee07aa72f,Krista Ford
1256,6832ec89-b860-4f74-9692-ab0602ab3dd9,Valerie Williams
1257,ed831e23-eb27-4b2f-a28a-d7e17b561326,Meghan Bennett
1258,dcab0575-dfdb-44cc-be14-e696b8436685,Eric Johnston
1259,eff0da87-7db4-4f6f-bcab-6349372fe957,Melissa Young
1260,534f9f68-2fe0-4720-8df6-85bb4de909a5,Jessica Montoya
1261,8a04a589-2142-4ec7-80f0-79ee8220945a,Mariah Patterson
1262,e9b0c412-fb31-470c-990c-ca216cfef960,Jennifer Henderson
1263,19e802ca-022c-42d7-a423-a1149be45112,Chad Miller
1264,3d3ea733-b778-467d-b34f-2ad817811ae4,Kevin Rodriguez
1265,dabd51b4-e812-4f28-908b-88cefc64717c,Anthony Richardson
1266,36d3b4c9-d5a6-4ec9-b241-568d9f7e2beb,Allen Kline
1267,e7974d9b-1471-493b-a201-3c0318ac62e2,Jonathan Stone
1268,dfcc5c29-780f-41e9-8356-909d5f81ba4d,Emily Parks
1269,95b18425-0a2f-4fbf-8264-aba84af53b7f,Stephanie Nichols
1270,9ae3f080-3611-46a8-84ec-ab2c4d5da9ac,Karen Bell
1271,4eb10eb1-0232-4088-a367-1dc83f0892ed,Ricky Washington
1272,b0a6b8a1-4678-4288-ab5a-b8dc22ccd163,Laura Deleon
1273,ad61996b-8405-4327-8a28-17226d64e70f,Robert Ramirez
1274,b7f9d70d-08d3-4af5-9105-696115e6ccd3,Sharon Lee
1275,3535b0b6-aaca-4ede-b6e8-7b54072d7ee3,Shelby Wells
1276,a39fe1df-92a4-4b65-8201-0f975f9d0a1b,Jose Ward
1277,fcff422e-2bde-4dbd-b212-ce4aa011bdcc,Tyler Richardson
1278,b8dd7798-2e7d-48a0-b785-a57d6066a2e3,Stacy Alvarez
1279,20d6f355-583f-4ad3-881a-14a8c432c1cf,William Hudson
1280,45be06f2-3371-4a5d-a359-0fb758ad10af,Robin Travis
1281,ecbc09dd-e10e-4009-b7d9-fce04eeb3c87,Jonathan Jenkins
1282,eeaab162-ae09-437d-8de1-83ea1881937c,Briana Evans
1283,b1b9c2ae-9dc4-4879-869d-85fa9e008dd8,Matthew Morrison
1284,22076761-6651-4ad0-a228-ca3519da4e8f,David Atkins
1285,4cfe75f9-14a1-4d8c-a901-617c6b1d02c7,Megan Hines
1286,9256cb1a-fcac-4455-b0e9-71453ebf195a,Richard Hicks
1287,c890223a-6352-4973-bd1a-880c29075b36,Laura Marshall
1288,3e4dfc34-62fa-4dcc-af99-4b00616c9a5f,Heidi Ramsey
1289,fdfd828d-735c-4bcf-ab33-a144f9530e6f,Aaron Spencer
1290,c83e58c8-3c9a-445f-be54-b5468c317772,Andrea Vang
1291,f2e022bb-5718-43ac-aded-2d52fba1d3c3,Adam Turner
1292,daa611fc-d028-44cd-b30b-b7048c2d65d8,Tina Adams
1293,a3a24557-a3c1-4658-824c-bf633a30a50b,Christopher Smith
1294,e47b95ab-1623-47c7-aa58-c609936c2a2d,Shawn Berry
1295,33e743ba-d7fd-4f1e-b519-e5fcf4478710,Karen Robles
1296,80557e0e-3090-4f65-a6b6-52516f5176a2,Tanya Coleman
1297,8822a9df-736a-4af5-b94b-aa1b5fbcf539,Wesley Russell
1298,48a23fbf-3251-4b36-9186-c45546744dcf,Jonathan Chung
1299,44d7c33b-1c6e-4b20-b181-98c624d579ea,Brandon Moore
1300,4d573232-88a2-42ea-982e-36a4a42f5812,Megan Wagner
1301,c04d98c1-ebb1-4ffe-96fc-074c712a0041,Emily Ware
1302,1ef2f182-832f-4d95-a648-2d3f870dd156,Justin Rogers
1303,7285a408-13dc-4578-b3a0-625c3bb4a1d8,Anna Holland MD
1304,e0f46429-449d-4508-b8b3-aa807c4f703d,Stephanie Phillips
1305,ef109e16-5829-4dcc-a1d7-93b0ff0995ed,Gregg Jones
1306,f2d4c95f-dba7-484f-ae04-6789c75737b2,Barbara Avery
1307,9035a3ec-7086-472d-9b21-157aedcc6aae,James Sanders
1308,c7c6bdf1-090b-4f66-9aa4-aa8693bd868a,Jennifer Rich
1309,231a4a61-3f31-4647-9ddd-0033c223e6ae,Karina Duarte
1310,18749b78-c7dd-419e-865e-3cce15385db6,James Guerrero
1311,953b7525-1fb7-4a2c-9041-27673394f419,Dr. Grace Bailey DVM
1312,72aff91b-53c5-413e-a77f-90807e7dde09,Kristy Jackson
1313,547142ac-8ba5-4e1c-9a52-768377d151a2,Vanessa Scott
1314,227f0b54-0377-4424-92ca-d3d42c65c418,Alexis Smith
1315,23c6e6ca-6a2e-4064-9657-c96a209fa0de,Donald Brooks
1316,56536df0-d964-435a-a380-d1a104f312d3,Andrew Palmer
1317,459a229d-1aa7-4417-baa5-b02c566bfb58,Vincent Thomas
1318,b9a5a725-ce86-4b53-a03f-476636b69956,Kimberly Gonzalez
1319,685b900b-852a-4e97-bb13-c6a60805e672,Richard Terry
1320,67d57116-d43d-4457-b1c4-d922933dfce5,Cynthia Mills
1321,8accee29-011e-488b-a9df-3a6afb05f2be,Michaela Mccullough
1322,b62c58a1-db48-4327-908a-efc39786727a,Stephanie Wallace
1323,40eda593-4444-4dec-85fe-2b5c3699b402,Kaitlin Browning DVM
1324,b0f6a2c3-0a4a-44c2-a21e-02e490fea8d6,Matthew Bentley
1325,8da5fa9c-74f8-405b-af17-0ddf8e555ad4,Nathan Glass
1326,5ed1372f-402a-4f76-8aad-b81c31dd8bb5,Tyler Hall
1327,f35ee394-f4f4-410a-a510-afec2d1fb0e4,Rebecca Wright
1328,8276a7b1-95cb-4203-b5b3-7ed749d8fa18,Jennifer Peterson
1329,2f3d2da9-97c1-4347-b344-a94d4648057b,Mary Kelly
1330,91372357-4322-4f3b-99d5-c7cf7f6ed68b,Scott Lambert
1331,8d26e2f5-25b4-4c13-b700-eeda76e543ee,Richard Douglas
1332,cf0bcc7e-67f8-4944-8970-fcb39c01d23f,Susan Johnson
1333,5cc15795-dfba-4dc7-b9e4-2f5fffd68138,Michael Taylor
1334,799d7aa4-dcd5-4c5c-9d24-3c103641c714,Kayla Ortiz
1335,d4bf5396-0d31-4aa3-905f-1d0abf7db741,Michele Evans
1336,c84c639b-4957-4097-a47c-40941951a9cc,Jenna Gonzalez
1337,38d5ca4e-e4ad-4a81-a0bc-6ebf3219e4a9,Jesse Newman
1338,f56d71de-cd8a-4e47-884e-97af3f35c9cd,Vickie Rivera
1339,7de3941f-1ba0-45cd-81db-284a63788573,Tonya Smith
1340,5529ffa9-e5ac-4a39-ab2f-fd7875b68665,Aaron Ellis
1341,35472e6e-62ff-40f4-a15e-31a6a7f70f92,Emily Pierce
1342,9f66cea0-db74-4c55-9a23-2d77e69edf63,Ashley Johnson
1343,0789a0f6-d978-4b14-be27-845f94048563,Kevin Knox
1344,b54b8306-f09e-4f2d-8d7a-ead6de9f96e1,Jill Powell
1345,3bfbba8a-49dd-4607-972e-5f2de807039c,Jacob Nichols
1346,5907a7fe-c1a6-4c59-aed4-987bf1761951,Leslie Anderson
1347,3fd13863-4922-4cd2-a4d6-2d1fdf9f733e,Margaret Brown
1348,91c71259-4a90-4586-a07a-75a96c383bae,John Berger
1349,bb410eb1-6bbb-496d-b734-71be9247fd65,Brett Thompson
1350,49aa5ad2-5093-4ae9-8bb1-496f4cf00e19,William Mosley
1351,cc9aeace-45b1-4be4-bad5-e8c5a04b8b66,Leslie Wilson
1352,8eabf0f6-c13d-47c5-8432-54dba057f407,Brandon Holt
1353,49220df2-c4ca-49de-8015-4c23d76da50d,Brandon Sandoval
1354,548192cc-0d39-4412-bca3-616371c52f71,Roy Compton
1355,3d834444-94d2-4ad6-b7ae-6c8e0d71fa93,Sharon Wilson
1356,90d129bd-7a7c-4fa6-b3ca-000c69db77e6,Kimberly Banks
1357,f69e2bb5-9c58-4530-b926-88003e76d677,Michael Klein
1358,2cf0dc5f-8255-40e0-9d3f-bf4204f331e1,Mark Osborn
1359,524a73a8-4dcc-4f97-8e12-d8598ab7a800,Stephanie Hill
1360,45e91b4a-f66c-4873-bb6e-5793316c3433,Scott Vaughn
1361,d8f693bb-8cc0-4b3e-8d55-79384f183839,Janet Salinas
1362,cc770950-8445-4440-bc2b-96f4410c7e6a,Miguel Gibson
1363,7a00fdd2-1195-4772-9f7a-b071ee60648c,Austin Mitchell
1364,d6ed4b51-edd9-46f4-a589-2c961b6780aa,Brandon Sims
1365,01d6ba10-12fc-43f5-8406-8ebfb8f97203,Amanda Williams
1366,d7ca3668-098b-4b5b-a168-7c52f601b55f,Melissa Holmes
1367,73b1f28d-ed67-47be-8557-2e749519672b,Miss Michelle Clements
1368,170941d1-d4e9-4844-a5af-4d43e7232ed2,Brandon Dixon
1369,ed3ab413-6e2b-46c1-a8cf-46f32c36eb55,Kenneth Evans
1370,5db71664-cf30-4940-95e2-24c4d8dcc1f4,Gabriel Watkins
1371,3dc8efce-6c6e-4efc-a78c-1b84f5914a1a,Jack Baker
1372,72a83d14-b36c-42ed-86c8-8809d2c75c39,Jamie Cohen
1373,6d0bddc2-6c0b-4f4e-aa26-f9079501d088,Nicole Lucero
1374,dcc037a4-e916-46d6-a5f4-f7744b4be824,Anne Harper
1375,5116de04-900a-499d-aa4b-7f5d9e3f45f3,Mitchell Hudson
1376,05fe1a95-a761-4b2e-90f3-fe5dd9b16afc,Lisa Buckley
1377,0eb6356b-8ccb-4ba2-9b63-61aad8d0b360,Heather Velez
1378,51539e00-1c3c-41ef-b556-57ff81e890d1,Mr. John Watson DDS
1379,82941a5f-2eab-4dd1-8da4-bbf03c3256c3,Kevin Mckenzie
1380,181720be-7ae8-4d55-8b05-0e6563cf801d,Stephanie Santiago
1381,6f538e58-4ab1-4f9d-824d-d87122d1b643,Linda Dillon
1382,afc2f714-184d-417e-8877-680f62890a0e,Benjamin Davis
1383,863b8d9f-ecb0-4238-93c4-27b2b81ab48a,Michael Edwards
1384,a7b463c4-5595-4645-804b-931dcb888d90,Brett Henderson
1385,e6adbbc9-02da-4bba-a201-4ad779d2b598,Danielle Austin
1386,d8fa9a51-90de-427d-b335-af9d4f008a85,Maria Nunez
1387,4cce849e-b6b5-45d2-a25f-5523951c1a95,Lauren Barnett
1388,d1a8bfce-32bc-4cbe-8b6e-98095d7969ea,Jonathan Morgan
1389,bc2cba55-0ed6-4115-9523-3db5f956fe09,Joseph Wong
1390,2c89caba-868a-4bd0-a502-a427cc2e7073,Timothy Cobb
1391,5b4e0712-1fe8-4de0-95ba-6f43baac3a37,Candice Brown
1392,8c8614a8-7267-42df-a346-9a33a8c9fb75,Derek Martinez
1393,fc8c6a2c-1435-4c95-bd92-b03adb129d27,Jill Walker
1394,64fe3989-da67-47be-9836-06513cbb5145,Donna Brandt
1395,92431c70-55e7-4e7b-82e6-fb2037e33d8f,Erica Smith
1396,a490996a-ef55-46f9-a53b-a73236373ba2,Ronald Noble
1397,1bca24db-9121-41a9-a077-47413648a7e9,Taylor White
1398,144386f5-6757-4565-8d59-2d077714fd2e,Courtney Stout
1399,e623898c-0f3c-4ca8-84a3-4568972f78e4,Joyce Hernandez
1400,2ad582e1-dfd9-491c-98f0-c71299e0bb18,Dorothy Baker
1401,9f57eaa9-3ec2-4e63-a5fd-31761c1a56a9,John Kennedy
1402,91fa55a1-2718-48fb-99cd-a6a37a5c8946,Deborah Brock
1403,28003da6-dcd7-4648-94b3-592befeb89a3,Deborah Cervantes
1404,6828c84e-d209-42ef-ad7d-d6f17b66bc14,Benjamin Bailey
1405,85d3bea4-2735-4572-9910-b6c8b3c1c4e6,Rachel Harris
1406,ab88137a-8e3d-412f-9393-44ec2b1b7b1b,Christine Garcia
1407,883b3bc4-0934-4146-a869-e2a8b4c2f713,Ryan Martin
1408,94b9efbf-0857-4cef-b3d3-371ddb8c38b0,Daniel Galvan
1409,55ea8898-0a9d-4aa2-9414-2989a5ef115b,Deanna Parker
1410,2ff1139b-4941-44ca-82e6-366e6d7f08e0,Danielle Hanson
1411,f2259cad-f5a0-4aec-bdbc-0b88268e9318,Michael Lopez
1412,3c7a158e-9a63-49c8-b8be-d0b75640ae44,Kimberly Harris
1413,ba5cf2f1-57de-45c2-8914-68dc2639de38,Maurice Jacobs
1414,ebbdb0ee-7713-45f3-b5ff-764fd6ee9fde,Samuel Moore
1415,5f8857f9-1441-4274-a993-ba99e17e3f0e,Michael Sanders
1416,c4045aa7-7c09-4f8f-86b3-3c90fdf1dc5c,Lisa Jordan
1417,b5429b4a-3905-4658-a122-fbd0f0a384a9,Peter Hebert
1418,307dab08-9a4d-476b-89a8-1c5aad099b6e,Ms. Jessica Peterson
1419,b28bdca3-fd2f-407c-a995-cbb0b49e02d2,Michael Johnson
1420,7805ae5b-428f-4383-adc1-24f1daf78af8,Charlotte Perez
1421,03ff9c57-85bc-4953-8203-506de135cade,Whitney Lawson
1422,da771eac-b411-4fd7-ae3b-9c7038a11a48,Evan Lopez
1423,8dd16d41-f58f-49fc-81a3-8d4b55eb9300,Sharon Poole
1424,a7f51c16-264b-4f57-8f47-e1f36a180648,Robin Kim
1425,99922697-98c2-4e23-a018-88552d9805c4,Tiffany Montes
1426,8b0c3ed1-df29-4a7d-b2f6-b2a46f251977,Greg Bell
1427,a9d5549b-914e-49c9-9547-e798934d36ce,Cynthia Smith
1428,1a9e8587-2c89-4bc2-a5b0-c28a9016f7d5,Krystal Wolf
1429,09944ef6-e5c4-459e-80eb-423af636eca3,Christopher Henry
1430,7eed1c0d-cff6-4391-811c-61bc77e15d8f,Summer Vargas
1431,4f3eb3a2-ec16-40ac-9510-1dd1b554db1c,Adam Torres
1432,dd8032c4-44ba-47d3-9ec8-b9cb0770f936,Alicia Bell
1433,2f341498-dd13-458a-b606-d351c85b5b90,Andrew James
1434,bb215608-d4b4-4e0a-914d-eb9a1a731c26,Logan Wright
1435,d11b7e02-a88c-4edf-80f4-9a37b832f545,Justin Schmitt
1436,9982af5e-2d7b-4aee-a2c1-070cc6e1e9d0,Brian Barker
1437,ddfb15f2-14eb-4873-8f00-9c74f1cb3cf6,Michael Bass
1438,87c6f2ba-45b0-4cbc-880f-3bb8f47a87bc,Tara Wilson
1439,25ee1baa-ba69-4d18-8f81-d09d61032dfd,Wendy Bernard
1440,c0ef0357-3fd7-4f7e-af4b-2f755317d36b,Grace Lane
1441,c4b5c92c-72cc-47c3-be2c-659bb8f57af8,Justin Martinez
1442,c03493f2-8f1e-4773-a048-75a6288bdaff,Tina Rhodes
1443,284dce23-b524-4134-b88b-05b00b69f62c,Julie Dennis
1444,6c79b4e7-b1d3-4ddd-ab1a-316ac202d3cd,Michael Dickson
1445,85fba6fd-3a1d-41fe-be61-66ea60479e61,Theresa Brewer
1446,836afb4c-602e-4e5c-9e86-f55a71a4800a,Gina Smith
1447,39418743-e482-4fd9-823f-95633a7871ab,Leslie Harrison
1448,c4d478cf-353b-4758-a9c0-f2499d100e75,Donna Gallagher
1449,6d1fb48d-3cc1-4865-9a83-62af29953c7c,Ashley Mcgee
1450,63cc0d5d-260f-4522-b133-fcb7f7f28d01,David Houston
1451,bd1a418e-0342-4e9c-a1ba-9a7d7ee0e468,Kevin Sullivan
1452,655761ea-c9ee-4db1-93be-7af79fac8d83,James Whitaker
1453,bcd5ce07-543c-47a0-971d-292953d761cc,Joseph May
1454,6ee9d0b1-3297-4915-8ed1-feb4a2ed0c4f,Antonio Davis
1455,5bf75a3b-6a77-4992-a006-59d87026ffe7,Lauren Gordon
1456,8eed4f77-864f-4e75-87e1-8d26305e95b7,Alexandria Pacheco
1457,aba43480-1516-48c8-b00c-960eefece300,Eric Hernandez
1458,73621b6d-53b2-484f-b828-0ffe435fef65,Brittany Jensen
1459,4d5192f0-66ba-4e14-baf2-e01dd681d528,Paul Frey
1460,1f362dd1-2d73-4616-bfc0-f25f58bb8b67,Regina Johnson
1461,f24838fb-640b-4cf8-9e32-93c1951d95d3,Maria Scott
1462,5b0cbc91-d29e-45b1-b1fc-f435f1c52da2,Eric Brown
1463,233acff4-805a-4b8c-8732-c4d61aaa6e30,Andrew Mcdowell
1464,95986ffd-d417-453b-996b-65f794735a2e,Ricardo Miller
1465,19cb57b3-a96b-4580-8522-2746d57a0929,Leslie Morgan
1466,f4eb6e86-b913-4d6b-8d16-2b077b736a14,Patrick Evans
1467,7ecf5eb6-4a00-4214-aacc-296de2f75256,Steven Lewis
1468,ce6e9836-9640-48b5-ac50-db58de3a3899,Michael Little
1469,e6a85120-dd3f-4d59-b9ea-f2c294ca1f85,Renee Herring
1470,1e8d94a1-eacb-4c48-ace0-7c6ec9128d99,Anthony Webb
1471,ae425fd5-536e-435a-9d94-54f63a98db6a,Anna Cameron
1472,8f0ad9ec-8237-4703-a2f0-b0b803772ddf,Julie Brown
1473,e8b747f1-5607-47af-86d2-595dfb85f17c,Amanda Manning
1474,1078c904-ca0d-4a99-8761-c8c85fc6308f,Zachary Jones
1475,83db6407-331c-465e-b091-5a36c5e8232e,Reginald Gutierrez
1476,b3927689-786e-4cfa-9ddd-fc4bd87bc947,Ashley Hubbard
1477,7d36ae9f-98a5-43e4-ad7f-17a9c4f7954c,Grant Raymond
1478,36da2056-844c-4a4b-ad77-9e44d490bc84,Frank Diaz
1479,417c6fba-1b1a-4855-97fc-de317ef16d35,Matthew Gonzales
1480,0024ff9a-05fb-4fcf-b042-e2b315e51cba,Jennifer Jennings
1481,36ffd307-1118-44ff-a2d7-b9c202036a9f,Emily Bailey
1482,701c6d12-47fb-4a8d-a511-c9e34855925f,Joshua Ortiz
1483,0dc97649-c768-41e4-820f-4fcec2c8db01,Shannon Schultz
1484,9d9d7fcf-5c8d-477e-8e2f-f2eceae0db69,Jessica Jarvis
1485,760bebe0-a0ae-46a1-8229-a03af963c101,Patrick Rodriguez
1486,26929095-dc6f-4322-9f48-09f394d319ba,Patricia Riley
1487,8ec5585a-c0ce-477a-b3cc-59b1958b406f,Mrs. Ruth Ramirez
1488,abc89098-4946-46be-b8d4-6ce107973045,Jenna Harper
1489,bcb3d876-07d3-4b74-b13b-c3bb9c8bf4f2,Kelly Lewis
1490,d8c63f5d-ac90-4453-9011-a5c71525234a,Marisa Lewis
1491,8eeffdac-b946-408e-80c7-e7c656341aca,Chris Collins
1492,101a258a-45c0-4807-8d35-dbcd073c379b,Connie Mooney
1493,a0490bce-1ef1-4368-95de-ea1c84126794,Brianna Williams
1494,7289095c-f477-4a74-b3df-4325e5988668,Allen Craig Jr.
1495,8769aa21-c05e-47f4-9dd6-e33848205022,Vickie Robinson
1496,4161a8e4-ee36-4a6e-97bc-e7743702c9ac,Bailey Huang
1497,14eef6fd-8b02-4aaa-8ccf-91ccbb864899,Nicholas Bauer
1498,baec23a2-b0eb-43df-9b88-d5d88d2fefff,Barbara Brown
1499,0821870d-05da-4725-a4e5-882143be2490,Karen Rogers
1500,df30a935-2653-424e-950c-cb54ba77188a,Jacob Patrick
1501,817b298f-b948-4b21-9955-8bf8ba69fa97,Thomas Velazquez
1502,562d520c-c450-4c76-9a26-28850d9f43bc,Samuel Wood Jr.
1503,575b295f-caf7-496a-8060-7c35083545a9,Philip Herrera
1504,acfcf4d8-cdb2-4cca-ac0a-d5552c063899,Marissa Brown
1505,852d6da5-6777-40e6-9a94-061e49d9515c,Erika Griffin
1506,0bd45447-019f-4394-9217-004e6368ac6b,Douglas King
1507,71d9a0db-6747-40bf-a3e2-0960dc21209d,Timothy Garcia
1508,8dc022ec-eabe-44ec-ab72-6613ea477706,Alexis Mason
1509,8d8b4c63-4188-4324-8748-a4119f76b7ae,Anthony Burke
1510,763f1a40-a6d6-4cf1-9766-feb9adfb521a,Cheryl Bailey
1511,1eafd0cc-a7c6-441b-818b-e370717d45e1,Christopher Jones
1512,841cf9eb-9e9f-41dd-85b6-67dc6e80b1ae,Leslie Ward
1513,0bbbfd4f-5548-48e9-9695-89f0617e82e2,Amy Johnson
1514,fefd2f92-d31e-41ec-98b9-e2d88a15ab65,Ronald Miller
1515,70bfdb07-a009-4d6b-b5ee-aa2466841e40,Victoria Wilson
1516,c2f0b800-3a95-4219-938a-316f5102823e,Chase King
1517,ee5ca82c-2979-48b2-b983-0fb2582d9d08,Elizabeth Lloyd
1518,ef6a620e-bb42-4cbd-8223-53053871817e,Ronald Smith
1519,0d98d504-9118-44e7-8fbc-7654d73ea9b4,Eddie Dalton
1520,bb7128e5-f844-429d-acbe-48ef579fe1c8,Anthony Jones
1521,bc7960f4-65bb-4ea9-82ea-e078dd36a07d,John Baker
1522,6f5e705e-377c-4a37-951d-eedd56499b1c,William Contreras
1523,6f1a91e3-45ab-4d89-af45-74a6fc3b89bc,Lori Gates
1524,3d61931e-b2a5-4ba4-a0d0-fd4d0ab36761,Robert Stewart
1525,d4d9c523-c865-41d1-a61e-862be78532ed,Frederick Harris
1526,0aef88e3-749b-42c6-a5a9-96a962606d7f,Emily Hall
1527,e726905b-69b2-4248-ba2d-d8c54589be03,Sheena Prince
1528,6dad81d5-a41e-4d06-9706-1d8d70f94b4c,Mary Brown
1529,2a1afa4b-e95b-41f3-9ad2-60cc3ab0a391,Tiffany Sharp
1530,c23dec82-0109-4ea9-b110-6ec798b43d65,Veronica Holloway
1531,1db693de-3bf1-4a1a-bdee-a5b781583c9f,Scott Rivera
1532,3659c638-c6a3-4133-a3a9-40d633fd5613,Alexander Campbell
1533,cd4a4642-f8a4-451f-9516-2bdd208efd0a,Marco Adkins
1534,47557a13-7f2c-4686-a6f4-e002dc3f16db,James Mann
1535,03a659e5-38c3-4149-8c95-893be502cb96,Betty Henderson
1536,6fd9d815-1e01-4f15-9e2d-14bc5e758201,Robert Fleming
1537,a1abbe14-10a9-42cf-ad97-a372308c1d48,Kenneth Simon
1538,03fd7f56-f590-45cd-89f3-d7ec6e5bed48,Kara Ward
1539,c24ad260-456b-40b4-929f-a968cfa4e32d,Sara Russo
1540,d763d69a-6198-4006-8faa-be95f21f868d,Ashley Tucker
1541,4db8f8e0-7221-42c8-95f5-f73ffb674de6,Calvin Poole
1542,1e56858b-ecee-4e03-8fe5-b63e2eab38cf,Linda Acosta
1543,d82efd56-65fe-4b4f-8214-48c4eb2de5a2,Elizabeth Garner
1544,b95733fa-7b5a-48c3-a835-4f9710bc3e0f,Dana Washington
1545,c7ef99ee-89eb-4622-bd84-98f1398433c9,Christina Cervantes
1546,da6eba27-26b3-4475-bda5-728c375ad1de,Jennifer Howell
1547,cdc68427-6a11-4515-b02b-5d7188b37812,Michael Gallegos
1548,83b32cab-ee0f-426d-94c6-0b1dac84da4d,Diana Wilson
1549,7aef0b5c-cc19-439c-974e-0592f60567f9,Zachary Campbell
1550,4b276880-ef9e-4c55-94b8-3025a09cf94d,Ashley Hughes
1551,246916b4-d21d-45fb-8653-90625ff25d81,Laurie James
1552,907118e8-e775-417d-94dd-933281c6a648,Marvin Phillips
1553,a0da1677-eec8-4f03-a90f-8ca6de030547,Jeffrey Williams
1554,82169e16-11e9-48b3-b0e4-2f3848eccc03,Kayla Olson
1555,60026292-bfab-4f4d-a5e6-647ec75cdf1a,Thomas Manning
1556,bec097d8-ecf3-4c93-98af-030a45cb7229,Zachary Acosta
1557,1d30ae64-bb85-4240-8977-6ede7ef7cdb3,Andrea Garner
1558,74714b8b-d945-49e3-bf40-0cd917d78e09,Linda Nelson
1559,79645d24-3313-4797-8cc7-aeb1f529a589,Sophia Clay
1560,45d1a9b9-1628-4fb7-bfb8-9b06db47bf17,Jennifer Sellers
1561,19d316b4-f8c1-4e65-af6f-4071d6d1bf00,Allison Perkins
1562,555a6bd7-42e4-4cd7-892d-587465ef6e8e,Jessica Smith
1563,844bc69a-cd68-450c-8e3f-bc19ca83021a,Sydney Brooks
1564,d8e9b285-56d0-4473-9e7a-4e4793599457,Teresa Smith
1565,8786569a-b64e-452a-b4d4-d05140cd737f,Randall Walton
1566,811a0d20-28ff-4429-8780-f859a696a70e,Tyler Clay
1567,cd9aa0d0-b732-47e0-8b1a-79be7accf984,Dustin Lambert
1568,e3fef01a-7210-4c63-b7f5-61689e0c3af1,Tammy Mitchell
1569,64db666d-a707-45a0-8cec-c80db4032ae8,Karen Mullins
1570,4c42aa59-74d0-4220-9251-8bda27c4ab16,Thomas Hamilton
1571,4255565f-24bd-4bf4-a683-fc9882a686ee,Daniel Bean
1572,140bb657-1082-464c-96bd-8f5f70bbd45b,Whitney Mcneil
1573,cf1849e7-8eb7-44d3-9093-9ba6389debbd,Mark Sharp
1574,731d1de1-aeb3-4e14-b3f4-44bdea3f72d6,Jamie Anthony
1575,2b879084-748b-4e1a-a43c-922f7e0bf652,Tommy Johnson
1576,06bf5701-dfdb-4d61-85c6-e135078ac6f2,Caitlyn Thompson
1577,a19434e0-7340-4f59-949c-94328f4ab713,Krystal Harris
1578,efbb60e3-e478-4ee8-af7f-f2792543eb49,Jason Duncan
1579,ca47540f-d595-468e-9dcc-bc453ef0ee54,Kelsey Garcia
1580,7f196421-4194-4add-826d-2951159e47c2,David Heath
1581,8cc5d506-20c9-4ee8-bbea-5b954fcca38a,Wayne Smith
1582,f6f1e2e4-f189-4b6f-af10-53b086e2a2b4,Todd Flowers
1583,d77a6696-6c99-48bf-8914-a5c235f3e964,Stephanie Johnson
1584,25eb7336-3e8c-407c-926d-e5fcce5b032e,Michael Hall
1585,d292e789-99f3-46fb-bf5b-b5ec39131d1d,Julia Miller
1586,3b84a1cc-780f-4c27-92cb-437976619413,Joshua Yu
1587,fd71086e-4048-4309-92c1-3da4f5fa5745,Kellie Garcia
1588,73bed425-9e50-4af5-95bc-3077bdd5c8d3,Travis Clark
1589,3392ca59-67bb-4c5d-91a9-1b34303d4eb0,Laura Flores
1590,c8829f9a-3173-4dc5-a599-d339cba676da,Willie Galvan
1591,f7c79a03-7ef3-45d0-8b84-9e574171e44c,Samuel Walsh
1592,8cfeb2cb-2930-4c37-a99c-12f9f889ee4c,Anne Mack
1593,f58853ea-6f7a-467c-b7c7-27b420c4eac8,David Newton
1594,a59b8fe5-e03b-4436-afea-ca830f1c74f8,Bryan Ramirez
1595,d1373894-f3a2-4957-a161-66d48455ec57,Dylan Snyder
1596,94bc5e80-64c3-4c75-a185-382b2fdabc69,Adrian Tanner
1597,b82e4d9f-d129-4865-800b-5f62ed3ad280,Anthony Wright
1598,46aadaf6-5142-4ba3-bed7-088344088e8f,Jennifer Evans
1599,de686335-856b-4b14-9a1c-88be70de5a65,Melissa Thomas
1600,040b78cb-e072-4dcc-8001-d912bae550ce,Kim Garza
1601,31d9712b-10d9-433b-b884-e58ec64d31fd,Joe Johnson
1602,36688145-3467-4ff0-98e5-e5fe022337ba,Elizabeth Ramirez
1603,973a2c89-b089-497d-bf60-77a943f08535,Aaron Henderson
1604,6bbc629f-55e1-47e0-9f4b-dbff3d468a66,Elizabeth Campbell
1605,24d1c865-04fd-4549-833c-848949c8ee73,Sherry Bowman
1606,262b7c46-1b4e-4e49-9e98-2f714e6f6e7c,Ann Phillips
1607,8c0a65f4-49e3-4bac-ba74-538408ca05b3,Patty Williams
1608,6c8cf4e0-ab8c-408e-9fc8-147b738a6688,Kathleen Simmons
1609,eae35339-ff71-452b-a193-9f10a0b05e35,Gregory Evans
1610,e699c517-441e-4e88-b94f-5ab9325f40fe,Nicole Anderson
1611,2f609d0e-119b-44f5-b368-8ea158750a38,Emily Moore
1612,346ef967-6945-4107-90c9-bdcbead35a4f,Eugene Williams
1613,23f968f4-d50c-4bc2-8b78-80bc33c3f2b8,Michael Boyd
1614,fa9a77ad-7c40-4a14-958e-4e3085031fd1,Wendy Harris
1615,60079996-87aa-413e-9eaf-ad0b6fa46a92,William Maldonado
1616,2391f855-e80d-48ec-8e87-de93a75d7bb9,Elaine Rose
1617,7ef58a14-6366-447f-869b-27584cf63e23,Sharon White
1618,107f422e-7553-4dd2-a3f9-938a7b314c1c,Destiny Spencer
1619,b05330ad-0fac-449b-8aa4-8a7ad4ecb6c7,Anna Medina
1620,d21aaea2-ec84-4f1e-b478-7d3d4c5b7bf9,Nicholas Griffin
1621,d04ef49c-1207-4b72-921f-072245b69208,Benjamin Meyer
1622,135f0531-81df-404c-b911-7cc326abede0,Sandra Hall
1623,e1490ce9-ca3f-427b-828b-ec51c17e258e,Jasmine Hood
1624,7bdebbed-aa41-4513-9105-a14d9f80768c,Rebecca Cabrera
1625,c0a17c88-96e9-4dc8-af50-043b30596d7c,Jason Steele
1626,3e1b8032-dda4-4ebb-9908-00d7b0698d3a,Joshua Lane
1627,1b070e15-d299-4b1e-bf52-f9abd6d55b80,Tracy Shaffer
1628,fc91e11b-b013-44aa-b3c3-863d0df59a4a,Alex Arroyo
1629,9f66aea1-9bbe-40fb-b162-2de6b85fe787,Adriana Weber
1630,ccad1516-974b-46ea-b842-a78923a93b68,Eric Miller
1631,dcc50032-371a-4a4e-858b-cc5e72365d91,Jennifer Smith
1632,2dd8ec80-6949-4929-8f39-64d6cdf14ef7,Mary Berry
1633,10b6991e-ce47-4d3a-8968-469badf8dac5,Kelly Taylor
1634,b73f5691-b216-49de-a0f6-5484e412ffc3,Gregory Roy
1635,1f881da7-1cfd-44c0-a2b0-77bb549c1442,Angela Lopez
1636,57b2bc29-856b-4e2a-8c19-aa989b305993,Allen Daniels
1637,c2b25fd0-ed84-4fb5-8d85-53fa699733d1,Amy Johnson
1638,3d5b1121-6e39-4c65-bae7-bbc753e4d9bf,Oscar Sharp
1639,3d0184c3-f7c0-437b-bcc5-9e94b8c6a31b,Sandra Lynch
1640,f92c5054-46d3-4e36-b9ae-1981b22472c4,Martin Evans
1641,dac1ed90-2cc6-42a5-8412-5143b6eae20a,Matthew Marshall DVM
1642,d6cdbf2d-9ba9-47ca-bed3-d06bbd207c51,John Maldonado
1643,d6ce7ceb-8c58-4a5f-ae01-9843db369c6c,Aaron Mcdaniel
1644,f4350180-d422-42a8-b0be-76495ae6648a,Ricky Campbell
1645,033782c7-1a96-46a0-87df-4120142a7236,Brandon Dyer
1646,ed105a7d-a56d-4387-a60d-1794206dff46,Andrew Beck
1647,12ae3f93-05a0-4788-805e-1c0fe07b03b7,Jennifer Lamb
1648,b97af2ba-3a82-441a-9ffe-cd4a186fa4ca,Julian Stein
1649,9562b31b-17e1-4c41-ab34-6c5c05ecd7ef,Vanessa Nelson
1650,e5dcfdf6-f55d-43a5-8c33-9c7cd9b75fbb,Daniel Gibson
1651,b51f4849-0ad0-4e1d-93e4-94dcf029551a,Carla Gonzalez
1652,deca7ddd-92f7-4fed-82ff-a2b545a695b1,Jeremy Carroll
1653,2083ec1c-c443-48e4-b973-4c361686ee2e,Nicole Smith
1654,461b0269-8b62-400a-8f35-a7eb3ae33585,Diana Barrett
1655,1f01d62a-626a-4861-8d28-388b5a6458e2,Joseph Scott
1656,b0bb71fc-fa0f-484f-bc01-12fee75902fe,Melanie Monroe
1657,aaceccb8-c28a-4b44-a1af-db9ce8cdd366,Stephen Castillo
1658,03d2dc4b-25af-44af-93b4-d977f4f94e55,Jason Pratt
1659,35e1b6a4-2dba-4e51-b084-f5913f17dc3d,Sarah Wagner
1660,0cfd8fa0-4c7d-4b41-9ba4-cf986dbda361,Bryan Nixon
1661,a9968458-bd3b-49c4-be18-4943530b62fd,Colin Thompson
1662,bc148574-ef8f-4540-a439-10fdbdb1f367,Gavin Randall
1663,f142ace1-a74d-42fc-83a0-bc658c3e2a8a,Eric Lewis
1664,0c3142f0-aaa5-41dd-adde-9424da7303a7,John Davis
1665,5c818b67-34f7-4dbc-a09b-8fb8d954b379,Jessica Rogers
1666,bd1969f9-5f17-465f-adf6-2f2705efeec1,Andrew Bullock
1667,2f7fef31-9517-4c59-b669-7c67ff1e5072,Abigail Powers
1668,eb6d8aa4-1f2e-430f-8a98-62e5f97f8dc3,Randy Willis
1669,868c108f-491c-4217-ae57-566b322c5869,Amber Patterson
1670,1dedf105-55aa-479f-8fc2-9e7f043f1559,Rachel Schroeder
1671,7fb1751e-d779-425c-941e-8a24d99a37f8,Brooke Juarez
1672,85288211-0142-4338-a4dd-fa5868b0464a,Katrina Phillips
1673,da293149-8436-4c18-aa2c-74f2cf360c5b,Amanda Savage
1674,a29cea6a-d7e7-4b5d-9a50-0f61b2aa3b41,Lynn Rodriguez
1675,46871073-7013-492c-97c2-20d9c245a345,Randy Sutton
1676,7b03398f-449f-495e-b5f0-6cb388cefc4f,Stephen Luna
1677,b03f9e97-f1b2-434b-951b-5a257c1d6f5f,Jacqueline Ferguson PhD
1678,980bfd24-3316-483d-8f27-d3d9ca6a52b9,Nancy Smith
1679,ea39b540-6fb9-4a34-88b5-c15ae0dbc6c5,Michelle Roberson
1680,8ea0bcb6-8faf-4b61-8377-5a827017f8b0,Katherine Bradshaw DVM
1681,abd61902-f197-4872-a573-c6f3b9ecfedd,Andrew Williams
1682,7478f5db-bae8-452b-8401-59ffed4b926c,Taylor Gillespie
1683,c1afa9c6-d691-4213-9f58-a75aec81ea8b,Wendy Delgado
1684,a215c954-164c-4fab-9b5b-abd7b9af92a5,Kayla Rose
1685,cf0a5e9e-fd48-406c-b113-2ee6ecb78e80,Yvonne Porter
1686,fc63ecaa-7c21-491a-a3db-fd15dd008261,Dylan Weaver
1687,42d5ae22-6c1d-438b-a7de-71452f5496e0,Heather Duncan
1688,b27350a0-2816-454d-a22f-3a744c4481d4,Michael Paul DVM
1689,878886f8-8a23-4e18-80b6-42a7d35f8aed,Heather Lewis
1690,4a99c931-c112-4fb3-950e-5f37f72ed11a,Mitchell Walters
1691,398f5dbd-b592-45b3-b83d-a133603e9d0f,Vanessa Mitchell
1692,b74c6a26-e299-48d9-a18a-27db3567dfb2,Natalie Rogers
1693,d75d3559-b687-4f8c-a6a5-3a1d7fb107bd,Regina Bennett
1694,6c9ad685-1a21-401b-9c8b-08df47bbead4,Leslie Townsend
1695,ca389cde-8e04-4224-b135-3dbb0694f659,Samantha Nguyen
1696,52e03e31-c6af-435a-8309-d370eaf5f2ac,Corey Collins
1697,fc1cc244-bbe3-40a8-8d0e-ddb5491ce660,Kristina Golden
1698,717607a9-46ce-41bc-8c73-2a8f6327ad55,James Carrillo
1699,52ab7a18-8939-4614-9d28-426b7b4f2a35,Hannah Price
1700,8c812e3d-b2c8-4d48-9e79-c5464662cec8,Karen David
1701,cb6893e8-ff6a-4a0d-9bde-f285a662f98e,Rebecca Gray
1702,1d041917-9e31-4661-839a-4a92bb05e591,Charles Edwards
1703,a61672c0-66e1-41a1-9ccb-215f53c25a95,Austin Graham
1704,929c2412-a134-4c91-8a39-b527c744c823,Joseph Davila
1705,df1ef9aa-50f2-4175-a3c8-7a66f165e2b4,Katrina Smith
1706,b32ef28e-400b-4b88-82a7-88272fa28c74,Andrew Doyle
1707,ac6ac6f7-233d-4ded-83c1-077bb35bd325,Joseph Bailey
1708,527467c1-b1af-45e5-ba8f-cdff7d9e0f79,Tiffany Davis
1709,9260b4c6-9dd8-40d5-842f-49161a4213c5,Susan Barton
1710,c1539568-e198-4140-aa88-195980ff834b,Patrick Crawford
1711,f126c156-b0ca-47d2-89e3-0a9f57835617,Michael Roberts
1712,357ff58d-ae60-4868-a7a1-902e0e67eec1,Shannon Moon
1713,044ca51f-35d6-41db-b93a-d12dbf4734ce,Eugene Miller
1714,a1776738-6d79-47d9-ab6c-ea19ea35acfe,John Reynolds
1715,17ae0a28-0cc9-44bf-9645-3388fc713e61,Alicia Beck
1716,01d833ea-3bf6-4521-899b-65f0ba88e8ac,Jason Torres
1717,ce9e557e-a645-4d74-a030-80030bcfbe78,Helen Underwood
1718,d1b82fbc-48c8-40b7-95b8-df11496edb26,Ashley Martinez
1719,6ad1d0e9-24ea-4468-928b-e86485c4ea99,David Perry
1720,410ad695-e098-4152-9ce2-25822388594a,Ronald Moss
1721,fa24a5e9-ebaa-47eb-971b-65bf71f8194c,Sean Sanford
1722,4c439a1d-3721-40dc-8ea6-426fc2e27571,Christine Carr
1723,71a0fb5b-8987-4eef-b11b-acb94452cdd2,Danielle Nguyen
1724,b694e1df-cc85-4d21-8619-4644c5d4969c,Douglas Martin
1725,4c4ac14e-11d4-4c56-aa28-e7574bb92c50,John Morris
1726,eb2480c0-be6a-4c6a-87bd-fd9843727174,Christopher Klein
1727,784aa3c5-fcf1-4ec2-acbc-9e4cffd42c62,Christina Preston
1728,80a25f80-3e24-4e66-8019-dd922fee2189,Thomas Wheeler
1729,bc9835c8-0c40-4f34-ab88-0f59e05908ba,Mrs. Mary Richardson DDS
1730,1e605836-ac5b-4694-a874-716add4557ed,Joyce Carroll
1731,5504dc4b-74d2-4d85-9480-cc0c7994f22d,Sarah Brown
1732,e0388354-d907-4604-8647-86b6b7766d9b,Jennifer Jackson PhD
1733,186100bc-fa9d-4457-a3a3-6b71866eef70,Susan Nguyen
1734,b928ad3b-a61c-4e77-bdff-d9efe804fd15,Charles Lane
1735,3671f34d-54ab-4058-a79c-00ca49959c68,Cameron Kirk
1736,89752b48-c176-473d-bf0c-f94459cb9596,Matthew Wheeler
1737,ddab0c20-e56f-40fa-a6b4-663435d01eb2,Rachel Oliver
1738,2e8bc344-9991-4243-aeeb-323a719f0b96,Molly Wilson
1739,66b1f6e9-2a2e-44f6-83bc-38928af168b6,Taylor Sherman
1740,a5887d07-366f-41cc-bb24-0b4710864c0f,Benjamin Wells
1741,68bcaf2f-aff5-4c04-ac42-bdba82c17d0f,Alexander Shaffer
1742,eb39d9bb-ed99-4e2b-9ad8-ec16421393f2,Lisa Smith
1743,1f9a4314-7a8d-42b8-8fb1-9aac1b3710fa,Gina Curtis
1744,76a0f2e6-5350-4146-8457-cef9a7dd6c36,Jake Robinson
1745,bbf3ffb2-7c14-49ab-94aa-28a8bcdc4c95,Douglas Cole
1746,bb522915-2e50-4b1e-827b-0bd2518c01bf,David Henry
1747,f058837e-2f70-437b-a32c-062dec0063fa,Anthony Smith
1748,0e5e401d-b35b-4f9c-b6a3-6157a0758151,Amy Nichols
1749,4e4a69f8-59d3-44e4-88f9-e0f10463081a,Andrea Chandler
1750,c46ddfa2-b212-4c94-b32a-6ddd726f4b2c,Maria Delgado
1751,6bcc0340-6645-4f5f-93ff-9b832bbda25b,Cynthia Cook
1752,076e11ad-4d2a-4e27-992e-0335035e88fd,Melissa Tucker
1753,901b29c0-2887-4b3c-9293-33409328f02d,Charles Mayer
1754,b84b4eba-558e-4302-85d1-d868edc34639,Michael Cobb
1755,f2c46824-8601-4864-8548-99b9115f9953,Vincent Alvarez
1756,bad29f76-632f-44b0-9e07-fd63299e10f1,Kyle Franklin
1757,4efddb16-d343-4864-a7ea-31aacd579231,Margaret Jones
1758,90d012f7-3e63-43b3-84e9-1e2af3f56576,Luis Tucker
1759,71a8c738-f099-4046-aa0b-9cced10ee3f1,Diana Davis
1760,1a763b84-3e50-494f-9b16-a2ac2d031566,Mitchell Sanders
1761,7a259079-d7ca-4e86-acdf-40e262d0b1c3,Blake Allen
1762,0de60d5b-7fd6-44d4-98f5-bca2c61764a5,John Moss
1763,2c8733ee-f530-44ea-8515-e9462ab136af,Stephen Rodriguez
1764,c7cfca33-0027-48a5-a7a3-ad399746cb5a,Kathryn Roberts
1765,5ffd4a23-6d81-46e3-a556-f7aec9c25944,Eric Jones
1766,7d2ce687-02f4-408b-ab24-62bdb4ec3729,Sierra Howard
1767,7e5bfc46-f4a6-4ad3-8101-5792635af6de,Tina Jones
1768,b29dd051-56cb-4dd5-a021-bd3d2aebf672,Carolyn Terry
1769,a3375cbc-a9c6-4cd2-b9cb-68ce966c3b44,Patricia Lucas
1770,07504aae-e573-4e09-b836-da086ded535a,Alice Pierce
1771,fdc0b7a5-3e3e-442b-8a19-e63a778b7113,Dawn Mason
1772,221dee08-fe19-4607-9fe0-64afaef788c2,Amanda King
1773,a9e28a2a-ec99-45e0-aaa2-594d140a1e45,Brandon Johnson
1774,832d51a0-903d-48bc-a67c-8ce100429eff,Emma Schroeder
1775,b8013dd4-cde8-4cbd-8995-6c60f9323bab,Jacob Barton
1776,e0099c4c-aa83-4f78-94b8-c94c398d21a0,Julian Robinson
1777,48425c61-6371-4e40-a0cd-50671b81c318,Dawn Shelton
1778,7c71d623-9176-42c9-bddb-7332342c3815,Kevin Rose
1779,e9d82f3c-6afc-44cd-928f-6467313d11ac,Sean Mitchell
1780,2bf122af-83f0-4081-a2b6-c471dc67f4ef,Margaret Harris
1781,2a9a555d-541e-46e8-885e-315bbd3e3dae,Lori Walker
1782,b456ef8d-1eba-4f70-a20d-0b8e9830312c,Zachary Simmons
